{"options":{"awareOfChrome":false,"check_for_updates":true,"comment":null,"compat_arrayleft":false,"compat_foreach":false,"compat_forvarin":false,"compat_metadata":false,"compat_uW_gmonkey":false,"compat_wrappedjsobject":false,"compatopts_for_requires":true,"noframes":null,"override":{"merge_connects":true,"merge_excludes":true,"merge_includes":true,"merge_matches":true,"orig_connects":[],"orig_excludes":[],"orig_includes":["*://cc.vttg.pw/*","*://*.t6yy.com/*","*://cc.cfbf.xyz/*","*://cl.3wyq.com/*","*://cl.m9sz.com/*"],"orig_matches":[],"orig_noframes":null,"orig_run_at":"document-end","use_blockers":[],"use_connects":[],"use_excludes":[],"use_includes":[],"use_matches":[]},"run_at":null},"settings":{"enabled":true,"position":77},"meta":{"name":"1024网址更新+新帖标注+取消viidii跳转+去帖子广告+帖子内隐藏1024的回复等，修复版","uuid":"2dee47fc-2366-4c10-9bad-86cf0c6f31dc","modified":1576370875684}}