{"options":{"awareOfChrome":false,"check_for_updates":true,"comment":null,"compat_arrayleft":false,"compat_foreach":false,"compat_forvarin":false,"compat_metadata":false,"compat_uW_gmonkey":false,"compat_wrappedjsobject":false,"compatopts_for_requires":true,"noframes":null,"override":{"merge_connects":true,"merge_excludes":true,"merge_includes":true,"merge_matches":true,"orig_connects":["*"],"orig_excludes":[],"orig_includes":["*www.baidu.com*","*tieba.baidu.com*","*v.baidu.com*","*xueshu.baidu.com*","*www.google.*","*docs.google.*","*mail.google.*","*play.google.*","*youtube.com/watch?v=*","*encrypted.google.com*","*www.so.com*","*www.zhihu.com*","*daily.zhihu.com*","*zhuanlan.zhihu.com*","*weibo.com*","*twitter.com*","*www.sogou.com*","*juejin.im*","*mail.qq.com*","*addons.mozilla.org*","*www.jianshu.com*","*www.douban.com*","*getpocket.com*","*www.dogedoge.com*","*51.ruyo.net*"],"orig_matches":[],"orig_noframes":null,"orig_run_at":"document-start","use_blockers":[],"use_connects":[],"use_excludes":[],"use_includes":[],"use_matches":[]},"run_at":null},"settings":{"enabled":true,"position":3},"meta":{"name":"anti-redirect","uuid":"57bf443c-2692-4c8e-8dae-95d90805a2bc","modified":1576370875416}}