{"options":{"awareOfChrome":false,"check_for_updates":true,"comment":null,"compat_arrayleft":false,"compat_foreach":false,"compat_forvarin":false,"compat_metadata":false,"compat_uW_gmonkey":false,"compat_wrappedjsobject":false,"compatopts_for_requires":true,"noframes":null,"override":{"merge_connects":true,"merge_excludes":true,"merge_includes":true,"merge_matches":true,"orig_connects":[],"orig_excludes":["*://live.bilibili.com/*","*://manga.bilibili.com/*","*://bw.bilibili.com/*","*://show.bilibili.com/*"],"orig_includes":["*.bilibili.com/*"],"orig_matches":[],"orig_noframes":true,"orig_run_at":"document-idle","use_blockers":[],"use_connects":[],"use_excludes":[],"use_includes":[],"use_matches":[]},"run_at":null},"settings":{"enabled":true,"position":44},"meta":{"name":"bilibili订阅+","uuid":"9769937d-4dfa-4f89-80a3-19fdcfe0491f","modified":1576370875628}}