{"options":{"awareOfChrome":true,"check_for_updates":true,"comment":null,"compat_arrayleft":false,"compat_foreach":false,"compat_forvarin":false,"compat_metadata":false,"compat_prototypes":false,"compat_uW_gmonkey":false,"compat_wrappedjsobject":false,"compatopts_for_requires":true,"noframes":null,"override":{"merge_connects":true,"merge_excludes":true,"merge_includes":true,"merge_matches":true,"orig_connects":["down.lepan.cc","music.baidu.com","yinyueyun.baidu.com","media.store.kugou.com","trackercdn.kugou.com","yinyuetai.com","itwusun.com","self"],"orig_excludes":[],"orig_includes":["http://localhost.cuwcl4c/*","http://jixunmoe.github.io/*","http://123564.com/*","http://m.123564.com/*","http://5xfile.com/*","http://www.5xfile.com/*","http://yun.baidu.com/*","http://pan.baidu.com/*","http://howfile.com/*","http://*.howfile.com/*","http://jkpan.cc/*","http://*.jkpan.cc/*","http://namipan.cc/*","http://*.namipan.cc/*","http://10pan.cc/*","http://*.10pan.cc/*","http://66yp.cc/*","http://*.66yp.cc/*","http://123wzwp.com/*","http://*.123wzwp.com/*","http://hiyp.cc/*","http://*.hiyp.cc/*","http://jkpan.cc/*","http://*.jkpan.cc/*","http://webhd.xuite.net/*","http://sync.hamicloud.net/*","http://www.yimuhe.com/*","http://douban.fm/*","https://douban.fm/*","http://moe.fm/*","http://music.163.com/*","https://music.163.com/*","http://www.1ting.com/*","http://www.23356.com/*","http://www.app-echo.com/*","http://web.kugou.com/*","https://jixunmoe.github.io/cuwcl4c/config/"],"orig_matches":[],"orig_noframes":null,"orig_run_at":"document-start","use_blockers":[],"use_connects":[],"use_excludes":[],"use_includes":[],"use_matches":[]},"run_at":null},"settings":{"enabled":true,"position":56},"meta":{"name":"Bypass Wait, Code & Login on Websites (fixed)","uuid":"3dd2b1e0-1227-4476-bee2-158e1c86ba3f","modified":1576370875655}}