{"options":{"awareOfChrome":false,"check_for_updates":true,"comment":null,"compat_arrayleft":false,"compat_foreach":false,"compat_forvarin":false,"compat_metadata":false,"compat_uW_gmonkey":false,"compat_wrappedjsobject":false,"compatopts_for_requires":true,"noframes":null,"override":{"merge_connects":true,"merge_excludes":true,"merge_includes":true,"merge_matches":true,"orig_connects":[],"orig_excludes":["*://*action=newthread*"],"orig_includes":["*://*game-*","*://*thread*","*://*forum.php*","*://bbs.*","*://www.lltxt.com/*","*://www.paipai.fm/*","*://muchong.com/*","*://www.3dmgame.com/*"],"orig_matches":[],"orig_noframes":null,"orig_run_at":"document-idle","use_blockers":[],"use_connects":[],"use_excludes":[],"use_includes":[],"use_matches":[]},"run_at":null},"settings":{"enabled":true,"position":59},"meta":{"name":"Discuz BBS AutoReply","uuid":"bf129725-e2e5-4228-82bb-8b34582e796b","modified":1576370875658}}