{"options":{"awareOfChrome":false,"check_for_updates":true,"comment":null,"compat_arrayleft":false,"compat_foreach":false,"compat_forvarin":false,"compat_metadata":false,"compat_uW_gmonkey":false,"compat_wrappedjsobject":false,"compatopts_for_requires":true,"noframes":null,"override":{"merge_connects":true,"merge_excludes":true,"merge_includes":true,"merge_matches":true,"orig_connects":["www.zhongzilou.com","bt.ituoniao.com.cn"],"orig_excludes":[],"orig_includes":[],"orig_matches":["https://movie.douban.com/subject/*"],"orig_noframes":null,"orig_run_at":"document-idle","use_blockers":[],"use_connects":[],"use_excludes":[],"use_includes":[],"use_matches":[]},"run_at":null},"settings":{"enabled":true,"position":51},"meta":{"name":"DouBan","uuid":"673ef273-15f6-4a3f-8ea3-c38b14be3cd1","modified":1576370875643}}