{"options":{"awareOfChrome":false,"check_for_updates":true,"comment":null,"compat_arrayleft":false,"compat_foreach":false,"compat_forvarin":false,"compat_metadata":false,"compat_uW_gmonkey":false,"compat_wrappedjsobject":false,"compatopts_for_requires":true,"noframes":null,"override":{"merge_connects":true,"merge_excludes":true,"merge_includes":true,"merge_matches":true,"orig_connects":[],"orig_excludes":[],"orig_includes":[],"orig_matches":["http*://*.xmtv.cn/*shtml","http*://*.cntv.cn/*shtml","http*://*.cctv.com/*shtml","http*://*.*.cctv.com/*shtml"],"orig_noframes":null,"orig_run_at":"document-idle","use_blockers":[],"use_connects":[],"use_excludes":[],"use_includes":[],"use_matches":[]},"run_at":null},"settings":{"enabled":true,"position":41},"meta":{"name":"HTML5 播放器 / 央视 & 厦门卫视（点播）","uuid":"4ddede32-23db-4c64-b3da-648c95a619cd","modified":1576370875604}}