{"options":{"awareOfChrome":false,"check_for_updates":true,"comment":null,"compat_arrayleft":false,"compat_foreach":false,"compat_forvarin":false,"compat_metadata":false,"compat_uW_gmonkey":false,"compat_wrappedjsobject":false,"compatopts_for_requires":true,"noframes":null,"override":{"merge_connects":true,"merge_excludes":true,"merge_includes":true,"merge_matches":true,"orig_connects":[],"orig_excludes":[],"orig_includes":["/^https?:\\/\\/[^/]*google\\.[a-z]+\\/.*tbm=isch/","/^https?:\\/\\/[^/]*images\\.search\\.yahoo\\.[a-z]+\\//","/^https?:\\/\\/[^/]*bing\\.[a-z]+\\/images\\/search/","/^https?:\\/\\/[^/]*duckduckgo\\.com\\/.*?&ia=images/","/^https?:\\/\\/[^/]*startpage\\.com\\/do\\/a?search/","/^https?:\\/\\/[^/]*tineye\\.com\\/search\\/[0-9a-f]+\\//","/^https?:\\/\\/[^/]*yandex\\.ru\\/images\\/search/","/^https?:\\/\\/[^/]*qwant\\.com\\/\\?(?:.*&)?t=images/","/^https?:\\/\\/[^/]*dogpile\\.com\\/serp\\?(?:.*&)?qc=images/","/^https?:\\/\\/[^/]*gigablast\\.com\\/search\\?(?:.*&)?searchtype=images/","/^https?:\\/\\/[^/]*ecosia\\.org\\/images\\?/","/^https?:\\/\\/[^/]*searchencrypt\\.com\\/images\\?/"],"orig_matches":["*://image.baidu.com/*","*://searx.me/*"],"orig_noframes":null,"orig_run_at":"document-end","use_blockers":[],"use_connects":[],"use_excludes":[],"use_includes":[],"use_matches":[]},"run_at":null},"settings":{"enabled":true,"position":14},"meta":{"name":"Image Search Exclusion","uuid":"d6ee73bf-2a35-4edf-bc5f-2a46e8405799","modified":1576370875516}}