{"options":{"awareOfChrome":false,"check_for_updates":true,"comment":null,"compat_arrayleft":false,"compat_foreach":false,"compat_forvarin":false,"compat_metadata":false,"compat_uW_gmonkey":false,"compat_wrappedjsobject":false,"compatopts_for_requires":true,"noframes":null,"override":{"merge_connects":true,"merge_excludes":true,"merge_includes":true,"merge_matches":true,"orig_connects":[],"orig_excludes":[],"orig_includes":[],"orig_matches":["*://www.jianshu.com/p/*","*://cdn2.jianshu.io/p/*","*://juejin.im/post/*","*://juejin.im/entry/*","*://sspai.com/*","*://zhuanlan.zhihu.com/p/*","*://mp.weixin.qq.com/s?*","*://cnodejs.org/topic/*","*://div.io/topic/*","*://www.zcfy.cc/article/*"],"orig_noframes":null,"orig_run_at":"document-idle","use_blockers":[],"use_connects":[],"use_excludes":[],"use_includes":[],"use_matches":[]},"run_at":null},"settings":{"enabled":true,"position":54},"meta":{"name":"TreeBar","uuid":"aae81b12-05f6-4dd0-85d5-d40c5c8e168b","modified":1576370875649}}