{"options":{"awareOfChrome":false,"check_for_updates":true,"comment":null,"compat_arrayleft":false,"compat_foreach":false,"compat_forvarin":false,"compat_metadata":false,"compat_uW_gmonkey":false,"compat_wrappedjsobject":false,"compatopts_for_requires":true,"noframes":null,"override":{"merge_connects":true,"merge_excludes":true,"merge_includes":true,"merge_matches":true,"orig_connects":[],"orig_excludes":[],"orig_includes":["*://www.zuidazy*.*/*","*://www.okzyw.*/*","*://www.subo988.com/*","*://www.123ku.com/*","*://www.kankanzy.com/*","*://www.baiwanzy.com/*"],"orig_matches":[],"orig_noframes":null,"orig_run_at":"document-end","use_blockers":[],"use_connects":[],"use_excludes":[],"use_includes":[],"use_matches":[]},"run_at":null},"settings":{"enabled":true,"position":67},"meta":{"name":"『小助手』资源助手","uuid":"e698d675-234d-4835-96e3-97eec18a3a0d","modified":1576370875670}}