{"options":{"awareOfChrome":false,"check_for_updates":true,"comment":null,"compat_arrayleft":false,"compat_foreach":false,"compat_forvarin":false,"compat_metadata":false,"compat_uW_gmonkey":false,"compat_wrappedjsobject":false,"compatopts_for_requires":true,"noframes":null,"override":{"merge_connects":true,"merge_excludes":true,"merge_includes":true,"merge_matches":true,"orig_connects":[],"orig_excludes":[],"orig_includes":["*://*.cr173.com/*","*://*.onlinedown.*/*","*://*.xiazaiba.*/*","*://*.mydown.*/*","*://*.pc6.*/*","*://xiazai.zol.com.cn/*","*://dl.pconline.com.cn/*","*://*.cncrk.com/*","*://pc.qq.com/*","*://*.crsky.com/*","*://*.duote.com/*","*://*.ddooo.com/*","*://*.xpgod.com/*"],"orig_matches":[],"orig_noframes":null,"orig_run_at":"document-start","use_blockers":[],"use_connects":[],"use_excludes":[],"use_includes":[],"use_matches":[]},"run_at":null},"settings":{"enabled":true,"position":62},"meta":{"name":"『净网卫士』 下载网站","uuid":"60ea4875-a5f0-47e0-be52-7f77bce4c61a","modified":1576370875666}}