{"options":{"awareOfChrome":false,"check_for_updates":true,"comment":null,"compat_arrayleft":false,"compat_foreach":false,"compat_forvarin":false,"compat_metadata":false,"compat_uW_gmonkey":false,"compat_wrappedjsobject":false,"compatopts_for_requires":true,"noframes":null,"override":{"merge_connects":true,"merge_excludes":true,"merge_includes":true,"merge_matches":true,"orig_connects":[],"orig_excludes":[],"orig_includes":["*://fanyi.baidu.com/*","*://www.iciba.com/*","*://translate.google.cn/*","*://fanyi.youdao.com/*","*://cn.bing.com/translator/*","*://fanyi.sogou.com/*"],"orig_matches":[],"orig_noframes":null,"orig_run_at":"document-start","use_blockers":[],"use_connects":[],"use_excludes":[],"use_includes":[],"use_matches":[]},"run_at":null},"settings":{"enabled":true,"position":64},"meta":{"name":"『净网卫士』 在线翻译","uuid":"391e57c7-3cd4-4d2d-96a0-e563af727004","modified":1576370875667}}