{"options":{"awareOfChrome":false,"check_for_updates":true,"comment":null,"compat_arrayleft":false,"compat_foreach":false,"compat_forvarin":false,"compat_metadata":false,"compat_uW_gmonkey":false,"compat_wrappedjsobject":false,"compatopts_for_requires":true,"noframes":null,"override":{"merge_connects":true,"merge_excludes":true,"merge_includes":true,"merge_matches":true,"orig_connects":["newday.me"],"orig_excludes":[],"orig_includes":[],"orig_matches":["*://*.onlinedown.net/*","*://*.cr173.com/*","*://*.xiazaiba.com/*","*://*.mydown.com/*","*://*.pc6.com/*","*://*.zol.com.cn/*","*://*.pconline.com.cn/*","*://*.jb51.net/*","*://*.cncrk.com/*","*://pc.qq.com/*","*://*.crsky.com/*","*://*.duote.com/*","*://*.downza.cn/*","*://*.yesky.com/*","*://*.ddooo.com/*","*://*.pchome.net/*","*://*.xpgod.com/*","*://*.52z.com/*","*://*.opdown.com/*","*://*.newday.me/*"],"orig_noframes":null,"orig_run_at":"document-start","use_blockers":[],"use_connects":[],"use_excludes":[],"use_includes":[],"use_matches":[]},"run_at":null},"settings":{"enabled":true,"position":68},"meta":{"name":"下载卫士","uuid":"84721487-2970-4c79-9d4d-7808e62c7593","modified":1576370875672}}