{"options":{"awareOfChrome":false,"check_for_updates":true,"comment":null,"compat_arrayleft":false,"compat_foreach":false,"compat_forvarin":false,"compat_metadata":false,"compat_uW_gmonkey":false,"compat_wrappedjsobject":false,"compatopts_for_requires":true,"noframes":null,"override":{"merge_connects":true,"merge_excludes":true,"merge_includes":true,"merge_matches":true,"orig_connects":[],"orig_excludes":[],"orig_includes":[],"orig_matches":["*://*.douyu.com/*","*://*.panda.tv/*","*://*.zhanqi.tv/*","*://cc.163.com/*","*://*.huomao.com/*","*://live.qq.com/*"],"orig_noframes":null,"orig_run_at":"document-idle","use_blockers":[],"use_connects":[],"use_excludes":[],"use_includes":[],"use_matches":[]},"run_at":null},"settings":{"enabled":true,"position":43},"meta":{"name":"屏蔽直播礼物特效","uuid":"76cd374b-49b1-4a31-bb72-a7858474ee98","modified":1576370875627}}