{"options":{"awareOfChrome":false,"check_for_updates":true,"comment":null,"compat_arrayleft":false,"compat_foreach":false,"compat_forvarin":false,"compat_metadata":false,"compat_uW_gmonkey":false,"compat_wrappedjsobject":false,"compatopts_for_requires":true,"noframes":null,"override":{"merge_connects":true,"merge_excludes":true,"merge_includes":true,"merge_matches":true,"orig_connects":[],"orig_excludes":[],"orig_includes":[],"orig_matches":["*://pan.baidu.com/*","*://yun.baidu.com/*","*://wangpan.baidu.com/*","*://duanxin.baidu.com/*","*://note.baidu.com/*","*://tonghuajilu.baidu.com/*","*://tongxunlu.baidu.com/*","*://wenzhang.baidu.com/*","*://zhaohui.baidu.com/*"],"orig_noframes":null,"orig_run_at":"document-idle","use_blockers":[],"use_connects":[],"use_excludes":[],"use_includes":[],"use_matches":[]},"run_at":null},"settings":{"enabled":true,"position":22},"meta":{"name":"百度网盘资源_搜索引擎_聚合","uuid":"00edc46b-c23a-4d3f-9610-b4cb2156ad76","modified":1576370875534}}