{"options":{"awareOfChrome":false,"check_for_updates":true,"comment":null,"compat_arrayleft":false,"compat_foreach":false,"compat_forvarin":false,"compat_metadata":false,"compat_uW_gmonkey":false,"compat_wrappedjsobject":false,"compatopts_for_requires":true,"noframes":null,"override":{"merge_connects":true,"merge_excludes":true,"merge_includes":true,"merge_matches":true,"orig_connects":[],"orig_excludes":[],"orig_includes":["http*://u2.dmhy.org/*","http*://www.tsdm.*/*","http*://totheglory.im/*","http*://www.52pojie.cn/*","http*://bbs.kafan.cn/*","http*://www.cordcloud.*/*","http*://www.zodgame.us/*"],"orig_matches":[],"orig_noframes":null,"orig_run_at":"document-end","use_blockers":[],"use_connects":[],"use_excludes":[],"use_includes":[],"use_matches":[]},"run_at":null},"settings":{"enabled":true,"position":57},"meta":{"name":"自用论坛辅助签到","uuid":"94e7818b-b8fa-4ca8-b36b-3864718e4b3d","modified":1576370875657}}