{"options":{"awareOfChrome":false,"check_for_updates":true,"comment":null,"compat_arrayleft":false,"compat_foreach":false,"compat_forvarin":false,"compat_metadata":false,"compat_uW_gmonkey":false,"compat_wrappedjsobject":false,"compatopts_for_requires":true,"noframes":null,"override":{"merge_connects":true,"merge_excludes":true,"merge_includes":true,"merge_matches":true,"orig_connects":[],"orig_excludes":[],"orig_includes":[],"orig_matches":["*/thread*.*","/forum.php?mod==viewthread*","/forum.php?mod=viewthread*","/forum/forum.php?mod=viewthread*","/forum/thread*","/bbs/forum.php?mod=viewthread*","/forum.php?mod=post"],"orig_noframes":null,"orig_run_at":"document-idle","use_blockers":[],"use_connects":[],"use_excludes":[],"use_includes":[],"use_matches":[]},"run_at":null},"settings":{"enabled":true,"position":58},"meta":{"name":"论坛快捷回帖","uuid":"e1bba87b-5f29-417c-acdc-326a94133d8e","modified":1576370875658}}