{"options":{"awareOfChrome":false,"check_for_updates":true,"comment":null,"compat_arrayleft":false,"compat_foreach":false,"compat_forvarin":false,"compat_metadata":false,"compat_uW_gmonkey":false,"compat_wrappedjsobject":false,"compatopts_for_requires":true,"noframes":null,"override":{"merge_connects":true,"merge_excludes":true,"merge_includes":true,"merge_matches":true,"orig_connects":[],"orig_excludes":[],"orig_includes":[],"orig_matches":["http://www.xiaobi000.com/*","http://www.xiaobi001.com/*","http://www.xiaobi002.com/*","http://www.xiaobi003.com/*","http://www.xiaobi004.com/*","http://www.xiaobi005.com/*","http://www.xiaobi006.com/*","http://www.xiaobi008.com/*","http://www.xiaobi009.com/*","http://www.xiaobi010.com/*","http://www.xiaobi011.com/*"],"orig_noframes":null,"orig_run_at":"document-start","use_blockers":[],"use_connects":[],"use_excludes":[],"use_includes":[],"use_matches":[]},"run_at":null},"settings":{"enabled":true,"position":75},"meta":{"name":"超碰视频去广告，解决VIP限制","uuid":"f9e5f826-22ce-4f19-a249-801f6c9a228e","modified":1576370875677}}