{"options":{"awareOfChrome":false,"check_for_updates":true,"comment":null,"compat_arrayleft":false,"compat_foreach":false,"compat_forvarin":false,"compat_metadata":false,"compat_uW_gmonkey":false,"compat_wrappedjsobject":false,"compatopts_for_requires":true,"noframes":null,"override":{"merge_connects":true,"merge_excludes":true,"merge_includes":true,"merge_matches":true,"orig_excludes":[],"orig_includes":[],"orig_matches":["https://music.163.com/"],"orig_noframes":null,"orig_run_at":"document-idle","use_blockers":[],"use_connects":[],"use_excludes":[],"use_includes":[],"use_matches":[]},"run_at":null},"settings":{"enabled":true,"position":34},"meta":{"name":"163 Music Downloader 网易云音乐下载助手","uuid":"8e4cf85f-1d20-40d9-8c49-44c4af179583","modified":1573555310232,"file_url":"https://greasyfork.org/scripts/379002-163-music-downloader-%E7%BD%91%E6%98%93%E4%BA%91%E9%9F%B3%E4%B9%90%E4%B8%8B%E8%BD%BD%E5%8A%A9%E6%89%8B/code/163%20Music%20Downloader%20%E7%BD%91%E6%98%93%E4%BA%91%E9%9F%B3%E4%B9%90%E4%B8%8B%E8%BD%BD%E5%8A%A9%E6%89%8B.user.js"}}