{"options":{"check_for_updates":true,"comment":null,"compatopts_for_requires":true,"compat_wrappedjsobject":false,"compat_metadata":false,"compat_foreach":false,"compat_arrayleft":false,"compat_uW_gmonkey":false,"compat_forvarin":false,"noframes":null,"awareOfChrome":false,"run_at":null,"override":{"use_includes":[],"orig_includes":["*www.baidu.com*","*tieba.baidu.com*","*v.baidu.com*","*xueshu.baidu.com*","*www.google.*","*docs.google.*","*mail.google.*","*play.google.*","*youtube.com/watch?v=*","*encrypted.google.com*","*www.so.com*","*www.zhihu.com*","*daily.zhihu.com*","*zhuanlan.zhihu.com*","*weibo.com*","*twitter.com*","*www.sogou.com*","*juejin.im*","*mail.qq.com*","*addons.mozilla.org*","*www.jianshu.com*","*www.douban.com*","*getpocket.com*","*www.dogedoge.com*","*51.ruyo.net*"],"merge_includes":true,"use_matches":[],"orig_matches":[],"merge_matches":true,"use_excludes":[],"orig_excludes":[],"merge_excludes":true,"use_connects":["*"],"merge_connects":true,"use_blockers":[],"orig_run_at":"document-start","orig_noframes":null,"orig_connects":["*"]}},"settings":{"enabled":true,"position":3},"meta":{"name":"anti-redirect","uuid":"b0cea057-78ee-4569-92ec-56f836b2e28c","modified":1576147914782}}