{"options":{"check_for_updates":true,"comment":null,"compatopts_for_requires":true,"compat_wrappedjsobject":false,"compat_metadata":false,"compat_foreach":false,"compat_arrayleft":false,"compat_prototypes":true,"compat_uW_gmonkey":false,"compat_forvarin":false,"noframes":null,"awareOfChrome":false,"run_at":null,"override":{"use_includes":[],"orig_includes":[],"merge_includes":true,"use_matches":[],"orig_matches":["*://*.bilibili.com/*"],"merge_matches":true,"use_excludes":[],"orig_excludes":[],"merge_excludes":true,"use_connects":[],"merge_connects":true,"use_blockers":[],"orig_run_at":"document-start","orig_noframes":null,"orig_connects":["raw.githubusercontent.com","*"]}},"settings":{"enabled":true,"position":38},"meta":{"name":"Bilibili Evolved (Preview)","uuid":"2c68a273-1ad1-4fc7-b54d-3174121d8923","modified":1576147914959,"file_url":"https://github.com/the1812/Bilibili-Evolved/raw/preview/bilibili-evolved.preview.user.js"}}