{"data":{"about":"btrue","activityImageSaver":"bfalse","ajaxHook":"bfalse","allNavbarFill":"bfalse","allowJumpContinue":"bfalse","applyPlayerModeOnPlay":"btrue","aria2RpcOption":"o{\"secretKey\":\"\",\"dir\":\"\",\"host\":\"127.0.0.1\",\"port\":\"6800\",\"method\":\"get\",\"skipByDefault\":false,\"maxDownloadLimit\":\"\",\"baseDir\":\"\"}","aria2RpcOptionProfiles":"o[]","aria2RpcOptionSelectedProfile":"s","autoContinue":"bfalse","autoDraw":"bfalse","autoLightOff":"bfalse","autoMatchMedal":"bfalse","autoPlay":"bfalse","autoSeedsToCoins":"btrue","biliplusRedirect":"bfalse","blurBackgroundOpacity":"n0.382","blurVideoControl":"bfalse","cache":"o{\"aboutStyle\":\".bilibili-evolved-about{height:100%;width:450px;background:#fff;color:#000;position:fixed;top:0;left:0;z-index:100000;transform:translateX(-101%);transition:.3s cubic-bezier(0,.86,.58,1);display:flex;flex-direction:column;box-shadow:4px 0 16px 0 #0000}.gui-settings-dock-right .bilibili-evolved-about{right:0;left:unset;transform:translateX(101%)}body.dark .bilibili-evolved-about{background:#222;color:#eee}.bilibili-evolved-about.opened,.gui-settings-dock-right .bilibili-evolved-about.opened{transform:translateX(0);box-shadow:4px 0 16px 0 #0005}.about-header{padding:32px;display:flex;align-items:center;justify-content:flex-start}.about-header i{margin-right:8px;display:flex}.about-title{font-size:16pt}.about-content{padding:16px 36px 0;margin-bottom:36px;display:flex;flex-direction:column;overflow:auto}.about-content .name{font-size:24pt;display:none;align-items:center}.about-content .name svg{width:100%}body.dark .about-content .name.dark,body:not(.dark) .about-content .name.light{display:flex}.about-content .version{font-size:10pt;font-weight:700;opacity:.6;margin-top:6px;margin-bottom:6px;align-self:center}.about-content .love{font-size:10pt;margin-bottom:24px;align-self:center}.about-content .love a{color:inherit!important}.about-content section{font-size:10pt;margin-top:16px}.about-content section .title{display:flex;justify-content:center;text-transform:uppercase;font-weight:700;font-size:13pt;letter-spacing:3px;margin:8px 0 16px}.about-content section .supporter,.about-content section a{color:var(--theme-color)!important;margin-right:8px;display:inline-flex}.about-content section .supporter{user-select:none}.about-content section .supporter:not(:last-child)::after,.about-content section a:not(:last-child)::after{content:\\\",\\\"}@keyframes spinner{to{transform:translate(-50%,-50%) rotate(360deg)}}.about-content section.participants .fetching{margin-right:8px;position:relative;display:inline-flex}.about-content section.participants .fetching::before{content:\\\"Loading...\\\"}\",\"aboutHtml\":\"<div class=bilibili-evolved-about><div class=about-header><i class=\\\"mdi mdi-information-outline mdi-24px\\\"></i><span class=about-title>关于</span></div><div class=about-content><p v-if=branch class=\\\"name light\\\"v-html=logoImage></p><p v-if=branch class=\\\"name dark\\\"v-html=logoImageDark></p><p class=version>v{{version}} · {{clientType}}</p><p class=love><a target=_blank href=https://github.com/the1812/Bilibili-Evolved/ >Made with ❤　　</a><a target=_blank href=https://github.com/the1812/Bilibili-Evolved/blob/master/donate.md>Buy me a coffee ☕</a></p><section class=authors><span class=title>Authors</span><a class=author target=_blank v-for=\\\"author of authors\\\"v-bind:href=author.link>{{author.name}}</a></section><section class=contributors><span class=title>Contributors</span><a class=contributor target=_blank v-for=\\\"contributor of contributors\\\"v-bind:href=contributor.link>{{contributor.name}}</a></section><section class=supporters><a class=title target=_blank href=https://github.com/the1812/Bilibili-Evolved/blob/preview/donate.md#历史>View Supporters</a></section><section class=participants><span class=title>Community Power</span><span class=fetching v-if=fetching></span><a class=participant target=_blank v-for=\\\"participant of participants\\\"v-bind:href=participant.link>{{participant.name}}</a></section><section class=websites><span class=title>Websites</span><a class=website target=_blank v-for=\\\"website of websites\\\"v-bind:href=website.link>{{website.name}}</a></section><section class=components><span class=title>Components</span><a class=component target=_blank v-for=\\\"component of components\\\"v-bind:href=component.link>{{component.name}}</a></section></div></div>\",\"about\":\"(()=>{return(t,e)=>{(async()=>{const i=await e.importAsync(\\\"aboutHtml\\\");document.body.insertAdjacentHTML(\\\"beforeend\\\",i);dq(\\\".bilibili-evolved-about\\\").addEventListener(\\\"be:about-load\\\",()=>{const e=(t,e)=>t.charCodeAt(0)-e.charCodeAt(0);const i=(t,i)=>e(t.name,i.name);const o=GM.info.script.name.match(/Bilibili Evolved \\\\((.*)\\\\)/);const n=o?o[1]:\\\"Stable\\\";new Vue({el:\\\".bilibili-evolved-about\\\",data:{version:t.currentVersion,clientType:n,logoImage:null,logoImageDark:null,branch:null,authors:[{name:\\\"Grant Howard\\\",link:\\\"https://github.com/the1812\\\"},{name:\\\"Coulomb-G\\\",link:\\\"https://github.com/Coulomb-G\\\"}],contributors:[{name:\\\"PleiadeSubaru\\\",link:\\\"https://github.com/Etherrrr\\\"},{name:\\\"Lets-Halloween\\\",link:\\\"https://github.com/Lets-Halloween\\\"}].sort(i),fetching:true,participants:[],websites:[{name:\\\"GitHub\\\",link:\\\"https://github.com/the1812/Bilibili-Evolved/\\\"},{name:\\\"Greasy Fork\\\",link:\\\"https://greasyfork.org/zh-CN/scripts/373563-bilibili-evolved\\\"}],components:[{name:\\\"Vue.js\\\",link:\\\"https://cn.vuejs.org/index.html\\\"},{name:\\\"JSZip\\\",link:\\\"https://stuk.github.io/jszip/\\\"},{name:\\\"jQuery\\\",link:\\\"http://jquery.com/\\\"},{name:\\\"debounce\\\",link:\\\"https://github.com/component/debounce/\\\"},{name:\\\"Slip.js\\\",link:\\\"https://github.com/kornelski/slip\\\"},{name:\\\"MDI\\\",link:\\\"https://materialdesignicons.com\\\"},{name:\\\"Lodash\\\",link:\\\"https://lodash.com/\\\"}]},mounted(){dq(\\\".bilibili-evolved-about\\\").addEventListener(\\\"be:about-load-community\\\",()=>{this.init()},{once:true})},methods:{async getLogos(){this.logoImage=await Ajax.getText(`https://raw.githubusercontent.com/the1812/Bilibili-Evolved/preview/images/bilibili-evolved-wide.svg`);this.logoImageDark=await Ajax.getText(`https://raw.githubusercontent.com/the1812/Bilibili-Evolved/preview/images/bilibili-evolved-wide-dark.svg`)},async init(){this.branch=/Preview|Local/.test(n)?\\\"preview\\\":\\\"master\\\";this.getLogos();const t=new Set;let e=[];let o=1;do{e=await Ajax.getJson(`https://api.github.com/repos/the1812/Bilibili-Evolved/issues?state=all&direction=asc&per_page=100&page=${o}`).catch(()=>{e=[{name:\\\"电波无法到达(´･_･`)\\\",link:null}]});o++;for(const i of e){t.add(i.user.login)}}while(e.length>0);this.participants=[...t].map(t=>{return{name:t,link:`https://github.com/${t}`}}).filter(({link:t})=>{return!this.authors.some(e=>e.link===t)&&!this.contributors.some(e=>e.link===t)}).sort(i);this.fetching=false}}})},{once:true})})()}})();\",\"version\":\"1.9.19\"}","clearCache":"btrue","comboLike":"bfalse","compactLayout":"bfalse","currentVersion":"s1.9.19","customControlBackground":"bfalse","customControlBackgroundOpacity":"n0.64","customNavbar":"btrue","customNavbarBlur":"btrue","customNavbarBlurOpacity":"n0.7","customNavbarBoundsPadding":"n5","customNavbarCompact":"bfalse","customNavbarFill":"bfalse","customNavbarHidden":"o[]","customNavbarOrder":"o{\"blank1\":0,\"logo\":1,\"category\":2,\"rankingLink\":3,\"drawingLink\":4,\"musicLink\":5,\"gamesIframe\":6,\"livesIframe\":7,\"shopLink\":8,\"mangaLink\":9,\"blank2\":10,\"search\":11,\"userInfo\":12,\"messages\":13,\"activities\":14,\"bangumi\":15,\"watchlaterList\":16,\"favoritesList\":17,\"historyList\":18,\"upload\":19,\"blank3\":20}","customNavbarSeasonLogo":"bfalse","customNavbarShadow":"btrue","customStyleColor":"s#00A0D8","customStyles":"o[]","danmakuSettings":"o{\"subtitlesPreserve\":false,\"smartMask\":false}","darkSchedule":"bfalse","darkScheduleEnd":"s6:00","darkScheduleStart":"s18:00","deadVideoTitleProvider":"s稍后再看","defaultBangumiLayout":"s新版","defaultMedalID":"n0","defaultPlayerLayout":"s新版","defaultPlayerMode":"s常规","defaultVideoQuality":"s自动","defaultVideoSpeed":"s1.0","doubleClickFullscreen":"bfalse","doubleClickFullscreenPreventSingleClick":"bfalse","downloadAudio":"btrue","downloadDanmaku":"btrue","downloadVideo":"btrue","downloadVideoDashCodec":"sAVC/H.264","downloadVideoDefaultDanmaku":"s无","downloadVideoFormat":"sflv","enableDanmaku":"btrue","enableDashDownload":"btrue","expandDanmakuList":"btrue","expandDescription":"btrue","favoritesRedirect":"btrue","feedsFilter":"bfalse","feedsFilterPatterns":"o[]","feedsFilterSideCards":"o[]","feedsFilterTypes":"o[]","filenameFormat":"s[title][ - ep]","foldComment":"btrue","forceWide":"bfalse","framePlayback":"btrue","fullActivityContent":"btrue","fullPageTitle":"bfalse","fullTweetsTitle":"btrue","guiSettings":"btrue","guiSettingsDockSide":"s左侧","harunaScale":"btrue","hideBangumiReviews":"bfalse","hideBangumiSponsors":"bfalse","hideBanner":"bfalse","hideCategory":"bfalse","hideHomeLive":"bfalse","hideOldEntry":"btrue","hideRecommendLive":"bfalse","hideRelatedVideos":"bfalse","hideTopSearch":"bfalse","i18n":"bfalse","i18nLanguage":"s日本語","imageResolution":"bfalse","imageResolutionScale":"sauto","keymap":"bfalse","lastSeedsToCoinsDate":"n0","latestVersionLink":"shttps://github.com/the1812/Bilibili-Evolved/raw/master/bilibili-evolved.user.js","medalHelper":"btrue","miniPlayerTouchMove":"bfalse","narrowDanmaku":"btrue","noLiveAutoplay":"bfalse","noMiniVideoAutoplay":"bfalse","notifyNewVersion":"btrue","oldTweets":"bfalse","outerWatchlater":"btrue","overrideNavBar":"bfalse","playerFocus":"bfalse","playerFocusOffset":"n-10","playerLayout":"bfalse","playerShadow":"bfalse","preserveRank":"btrue","rememberDanmakuSettings":"bfalse","removeAds":"btrue","removeLiveWatermark":"btrue","removeVideoTopMask":"bfalse","scriptBlockPatterns":"o[]","scriptDownloadMode":"sbundle","scriptLoadingMode":"s延后(自动)","searchHistory":"o[]","seedsToCoins":"btrue","selectableColumnText":"btrue","showBlockedAdsTip":"bfalse","showDeadVideoTitle":"bfalse","sideBarOffset":"n0","simplifyHome":"bfalse","simplifyHomeStyle":"s清爽","simplifyLiveroom":"bfalse","simplifyLiveroomSettings":"o{\"vip\":true,\"fansMedal\":true,\"title\":true,\"userLevel\":true,\"guard\":true,\"systemMessage\":true,\"welcomeMessage\":true,\"giftMessage\":true,\"guardPurchase\":true,\"giftPanel\":true,\"kanban\":true,\"eventsBanner\":false,\"popup\":false,\"skin\":false}","skipChargeList":"bfalse","superchatTranslate":"bfalse","toast":"btrue","toastInternalError":"bfalse","touchNavBar":"bfalse","touchVideoPlayer":"bfalse","touchVideoPlayerAnimation":"bfalse","touchVideoPlayerDoubleTapControl":"bfalse","useBiliplusRedirect":"bfalse","useCache":"btrue","useCommentStyle":"btrue","useDarkStyle":"bfalse","useDefaultDanmakuSettings":"bfalse","useDefaultPlayerMode":"bfalse","useDefaultVideoQuality":"bfalse","useDefaultVideoSpeed":"bfalse","useNewStyle":"bfalse","videoScreenshot":"bfalse","viewCover":"btrue","watchLaterRedirect":"btrue","watchlaterExpireWarningDays":"n14","watchlaterExpireWarnings":"btrue"},"ts":1575732976447}