{"options":{"check_for_updates":true,"comment":null,"compatopts_for_requires":true,"compat_wrappedjsobject":false,"compat_metadata":false,"compat_foreach":false,"compat_arrayleft":false,"compat_uW_gmonkey":false,"compat_forvarin":false,"noframes":null,"awareOfChrome":false,"run_at":null,"override":{"use_includes":[],"orig_includes":["*://*game-*","*://*thread*","*://*forum.php*","*://bbs.*","*://www.lltxt.com/*","*://www.paipai.fm/*","*://muchong.com/*","*://www.3dmgame.com/*"],"merge_includes":true,"use_matches":[],"orig_matches":[],"merge_matches":true,"use_excludes":[],"orig_excludes":["*://*action=newthread*"],"merge_excludes":true,"use_connects":[],"merge_connects":true,"use_blockers":[],"orig_run_at":"document-idle","orig_noframes":null,"orig_connects":[]}},"settings":{"enabled":true,"position":55},"meta":{"name":"Discuz BBS AutoReply","uuid":"00200d54-2703-4591-8aaf-64410132fc10","modified":1576147914990}}