{"options":{"check_for_updates":true,"comment":null,"compatopts_for_requires":true,"compat_wrappedjsobject":false,"compat_metadata":false,"compat_foreach":false,"compat_arrayleft":false,"compat_uW_gmonkey":false,"compat_forvarin":false,"noframes":null,"awareOfChrome":false,"run_at":null,"override":{"use_includes":[],"orig_includes":[],"merge_includes":true,"use_matches":[],"orig_matches":["http://*.github.com/*","https://*.github.com/*"],"merge_matches":true,"use_excludes":[],"orig_excludes":[],"merge_excludes":true,"use_connects":[],"merge_connects":true,"use_blockers":[],"orig_run_at":"document-end","orig_noframes":null,"orig_connects":[]}},"settings":{"enabled":false,"position":27},"meta":{"name":"GitHub 菜单汉化","uuid":"bff7354d-f509-4b0f-966e-31b87cfd586f","modified":1576147914921}}