{"options":{"awareOfChrome":false,"check_for_updates":true,"comment":null,"compat_arrayleft":false,"compat_foreach":false,"compat_forvarin":false,"compat_metadata":false,"compat_uW_gmonkey":false,"compat_wrappedjsobject":false,"compatopts_for_requires":true,"noframes":null,"override":{"merge_connects":true,"merge_excludes":true,"merge_includes":true,"merge_matches":true,"orig_excludes":[],"orig_includes":["/^https?://(?:www|encrypted|ipv[46])\\.google\\.[^/]+/(?:$|[#?]|search|webhp|imgres)/"],"orig_matches":["https://news.google.com/*","https://cse.google.com/cse/*"],"orig_noframes":null,"orig_run_at":"document-start","use_blockers":[],"use_connects":[],"use_excludes":[],"use_includes":[],"use_matches":[]},"run_at":null},"settings":{"enabled":true,"position":3},"meta":{"name":"Google: Direct Links for Pages and Images","uuid":"48000c1f-965f-4e01-9b9f-a7f9c3df6c45","modified":1573555310105}}