{"options":{"check_for_updates":true,"comment":null,"compatopts_for_requires":true,"compat_wrappedjsobject":false,"compat_metadata":false,"compat_foreach":false,"compat_arrayleft":false,"compat_uW_gmonkey":false,"compat_forvarin":false,"noframes":null,"awareOfChrome":false,"run_at":null,"override":{"use_includes":[],"orig_includes":["/^https?:\\/\\/[^/]*google\\.[a-z]+\\/.*tbm=isch/","/^https?:\\/\\/[^/]*images\\.search\\.yahoo\\.[a-z]+\\//","/^https?:\\/\\/[^/]*bing\\.[a-z]+\\/images\\/search/","/^https?:\\/\\/[^/]*duckduckgo\\.com\\/.*?&ia=images/","/^https?:\\/\\/[^/]*startpage\\.com\\/do\\/a?search/","/^https?:\\/\\/[^/]*tineye\\.com\\/search\\/[0-9a-f]+\\//","/^https?:\\/\\/[^/]*yandex\\.ru\\/images\\/search/","/^https?:\\/\\/[^/]*qwant\\.com\\/\\?(?:.*&)?t=images/","/^https?:\\/\\/[^/]*dogpile\\.com\\/serp\\?(?:.*&)?qc=images/","/^https?:\\/\\/[^/]*gigablast\\.com\\/search\\?(?:.*&)?searchtype=images/","/^https?:\\/\\/[^/]*ecosia\\.org\\/images\\?/","/^https?:\\/\\/[^/]*searchencrypt\\.com\\/images\\?/"],"merge_includes":true,"use_matches":[],"orig_matches":["*://image.baidu.com/*","*://searx.me/*"],"merge_matches":true,"use_excludes":[],"orig_excludes":[],"merge_excludes":true,"use_connects":[],"merge_connects":true,"use_blockers":[],"orig_run_at":"document-end","orig_noframes":null,"orig_connects":[]}},"settings":{"enabled":true,"position":11},"meta":{"name":"Image Search Exclusion","uuid":"4588b637-7ff8-4d29-8fb6-2ec0b7353e69","modified":1576147914811}}