{"options":{"awareOfChrome":false,"check_for_updates":true,"comment":null,"compat_arrayleft":false,"compat_foreach":false,"compat_forvarin":false,"compat_metadata":false,"compat_uW_gmonkey":false,"compat_wrappedjsobject":false,"compatopts_for_requires":true,"noframes":null,"override":{"merge_connects":true,"merge_excludes":true,"merge_includes":true,"merge_matches":true,"orig_excludes":[],"orig_includes":["http*://upornia.com/*","http*://pornq.com/*","http*://*.hclips.com/*","http*://*.txxx.com/*","http*://*.hdzog.com/*","http*://*.pornhub.com/*","http*://xhamster.com/*","http*://www.empflix.com/*","http*://xvideos.com/*","http*://www.xvideos.com/*","http*://cbtownship.com/*","http*://*.cbtownship.com/*","http*://www.iyottube.com/*","http*://rbreezy.net/*","http*//www.porntube.com/*","http*://www.4tube.com/*","http://www.fux.com/video/*","http://www.seniu.vip/forum.php?mod=viewthread&tid=*","http*://onejav.com/*","http*://www.dlsite.com/*/work/=/product_id/*","/https?://[^.]+.caribbeancom(pr)?.com/(?:eng/)?moviepages/\\d{6}[-_]\\d{3}/index.html/","http://www.pacopacomama.com/moviepages/*/index.html","http://www.muramura.tv/moviepages/*/index.html","http://www.gachinco.com/moviepages/*/index.html","http://www.heyzo.com/moviepages/*/index.html","http://www.aventertainments.com/product_lists.aspx?*","http*://www.mediafreakcity.com/product_lists.aspx?*","http://www.avfantasy.com/product_lists.aspx?*","http://www.dmm.co.jp/*/-/detail/=/cid=*","http*://*.tumblr.com/video/*","http://www.bravotube.net/videos/*","http://www.bravoporn.com/videos/*","http://www.tubewolf.com/movies/*","http://www.seemyporn.com/videos/*","http://pornfun.com/videos/*","http*://*.tube8.com/*/*/*/","http://www.gotporn.com/*/video-*","http://www.thisav.com/photo/*","http://www.thisav.com/video/*","http://v.jav101.com/play/*","/http://www.aotu2\\d.com/\\d+//","/http://www.aotu4\\d.com/\\d+//","http://p.v2pv.com/v/*","http://v2.sv92.space/v/*","https://openload.co/embed/*","http*://*.chaturbate.com/*","http*://*.latinacamtv.com/*","https://chaturbate.sexhd.pics/*/","http://ecchi.iwara.tv/videos/*","http://ecchi.iwara.tv/images/*","http://*91porn.com/*","http://*.space/*","http://91dizhi.at.gmail.com.*.club/view_video.php?viewkey=*"],"orig_matches":[],"orig_noframes":true,"orig_run_at":"document-idle","use_blockers":[],"use_connects":[],"use_excludes":[],"use_includes":[],"use_matches":[]},"run_at":null},"settings":{"enabled":true,"position":45},"meta":{"name":"Porn Video下载 + ThisAV 番号 + TAG翻译","uuid":"5d0e8660-03a9-4299-bbff-fbb665205d84","modified":1573555310253}}