{"options":{"awareOfChrome":false,"check_for_updates":true,"comment":null,"compat_arrayleft":false,"compat_foreach":false,"compat_forvarin":false,"compat_metadata":false,"compat_uW_gmonkey":false,"compat_wrappedjsobject":false,"compatopts_for_requires":true,"noframes":null,"override":{"merge_connects":true,"merge_excludes":true,"merge_includes":true,"merge_matches":true,"orig_excludes":["http*://pan.baidu.com/*","http*://yun.baidu.com/*","http*://www.cnbeta.com/*","http*://www.dropbox.com/*","http*://www.duokan.com/reader/*","http*://feedly.com/*","http*://www.google.com/calendar*","http*://www.google.com/reader*","http*://docs.google.com/*","http*://mail.google.com/*","http*://maps.google*","http*://www.inoreader.com/*","http*://www.iqiyi.com/*","http*://mmbiz.qpic.cn/*","http*://mail.qq.com/*","http*://openapi.qzone.qq.com/*","http*://w.qq.com/*","http*://web2.qq.com/*","http*://www.toodledo.com/*","http*://weibo.com/*","http*://www.wumii.com/*","http*://*cloud.vip.xunlei.com/*","http*://app.yinxiang.com/*","http*://www.youku.com/*","http*://v.youku.com/*","http*://*zhihu.com/*"],"orig_includes":["http*"],"orig_matches":[],"orig_noframes":null,"orig_run_at":"document-idle","use_blockers":[],"use_connects":[],"use_excludes":[],"use_includes":[],"use_matches":[]},"run_at":null},"settings":{"enabled":false,"position":16},"meta":{"name":"Super_preloaderPlus_one","uuid":"af34a49c-3365-47f6-be0f-648a4565b9b1","modified":1573555310178}}