{"options":{"check_for_updates":true,"comment":null,"compatopts_for_requires":true,"compat_wrappedjsobject":false,"compat_metadata":false,"compat_foreach":false,"compat_arrayleft":false,"compat_uW_gmonkey":false,"compat_forvarin":false,"noframes":null,"awareOfChrome":false,"run_at":null,"override":{"use_includes":[],"orig_includes":["https://greasyfork.org/*","https://openuserjs.org/*","http*://www.jeffersonscher.com/*"],"merge_includes":true,"use_matches":[],"orig_matches":[],"merge_matches":true,"use_excludes":[],"orig_excludes":[],"merge_excludes":true,"use_connects":[],"merge_connects":true,"use_blockers":[],"orig_run_at":"document-idle","orig_noframes":null,"orig_connects":[]}},"settings":{"enabled":true,"position":6},"meta":{"name":"Text Highlight and Seek","uuid":"09299912-d6e4-4bf2-859a-b604376749cc","modified":1576147914787,"file_url":"https://greasyfork.org/scripts/13007-text-highlight-and-seek/code/Text%20Highlight%20and%20Seek.user.js"}}