{"ts":1576148296699,"data":{"hlframe":"snone","kwstyles":"s{\"set100\":{\"keywords\":\"scripts|script\",\"type\":\"string\",\"hlpat\":\"\",\"textcolor\":\"rgb(0,0,0)\",\"backcolor\":\"rgb(255,255,128)\",\"fontweight\":\"inherit\",\"custom\":\"\",\"enabled\":\"true\",\"visible\":\"true\",\"updated\":\"\"},\"set099\":{\"keywords\":\"site\",\"type\":\"word\",\"hlpat\":\"\",\"textcolor\":\"rgb(0,0,0)\",\"backcolor\":\"rgb(255,192,255)\",\"fontweight\":\"inherit\",\"custom\":\"\",\"enabled\":\"true\",\"visible\":\"true\",\"updated\":\"\"},\"set098\":{\"keywords\":\"^October \\\\d{1,2}\",\"type\":\"regex\",\"hlpat\":\"\",\"textcolor\":\"rgb(0,0,0)\",\"backcolor\":\"rgb(192,255,255)\",\"fontweight\":\"inherit\",\"custom\":\"\",\"enabled\":\"true\",\"visible\":\"true\",\"updated\":\"\"}}","hlbtnvis":"son","hlprecode":"btrue","hlnextset":"n101"}}