{"options":{"awareOfChrome":false,"check_for_updates":true,"comment":null,"compat_arrayleft":false,"compat_foreach":false,"compat_forvarin":false,"compat_metadata":false,"compat_uW_gmonkey":false,"compat_wrappedjsobject":false,"compatopts_for_requires":true,"noframes":null,"override":{"merge_connects":true,"merge_excludes":true,"merge_includes":true,"merge_matches":true,"orig_excludes":[],"orig_includes":[],"orig_matches":["https://v.qq.com/x/*","https://www.iqiyi.com/v*","https://v.youku.com/v_show/*","https://tv.sohu.com/v/*","https://film.sohu.com/album/*","https://www.mgtv.com/b/*","http://v.pptv.com/show/*","https://v.pptv.com/show/*","http://www.le.com/ptv/vplay/*","https://www.le.com/ptv/vplay/*"],"orig_noframes":null,"orig_run_at":"document-idle","use_blockers":[],"use_connects":[],"use_excludes":[],"use_includes":[],"use_matches":[]},"run_at":null},"settings":{"enabled":false,"position":40},"meta":{"name":"VIP视频解析","uuid":"133d684c-e309-43e3-9bf1-4917b0f65c9d","modified":1573555310242}}