{"options":{"check_for_updates":true,"comment":null,"compatopts_for_requires":true,"compat_wrappedjsobject":false,"compat_metadata":false,"compat_foreach":false,"compat_arrayleft":false,"compat_uW_gmonkey":false,"compat_forvarin":false,"noframes":null,"awareOfChrome":false,"run_at":null,"override":{"use_includes":[],"orig_includes":["*://*.cr173.com/*","*://*.onlinedown.*/*","*://*.xiazaiba.*/*","*://*.mydown.*/*","*://*.pc6.*/*","*://xiazai.zol.com.cn/*","*://dl.pconline.com.cn/*","*://*.cncrk.com/*","*://pc.qq.com/*","*://*.crsky.com/*","*://*.duote.com/*","*://*.ddooo.com/*","*://*.xpgod.com/*"],"merge_includes":true,"use_matches":[],"orig_matches":[],"merge_matches":true,"use_excludes":[],"orig_excludes":[],"merge_excludes":true,"use_connects":[],"merge_connects":true,"use_blockers":[],"orig_run_at":"document-start","orig_noframes":null,"orig_connects":[]}},"settings":{"enabled":true,"position":56},"meta":{"name":"『净网卫士』 下载网站","uuid":"6e582367-14b6-40e1-bbc2-8bb918ad73cb","modified":1576147914990}}