{"options":{"check_for_updates":true,"comment":null,"compatopts_for_requires":true,"compat_wrappedjsobject":false,"compat_metadata":false,"compat_foreach":false,"compat_arrayleft":false,"compat_uW_gmonkey":false,"compat_forvarin":false,"noframes":null,"awareOfChrome":false,"run_at":null,"override":{"use_includes":[],"orig_includes":["*://www.zuidazy*.*/*","*://www.okzyw.*/*","*://www.subo988.com/*","*://www.123ku.com/*","*://www.kankanzy.com/*","*://www.baiwanzy.com/*"],"merge_includes":true,"use_matches":[],"orig_matches":[],"merge_matches":true,"use_excludes":[],"orig_excludes":[],"merge_excludes":true,"use_connects":[],"merge_connects":true,"use_blockers":[],"orig_run_at":"document-end","orig_noframes":null,"orig_connects":[]}},"settings":{"enabled":true,"position":61},"meta":{"name":"『小助手』资源助手","uuid":"64a36405-b7c1-490d-9c18-e519e47fa9a7","modified":1576147914994}}