{"options":{"check_for_updates":true,"comment":null,"compatopts_for_requires":true,"compat_wrappedjsobject":false,"compat_metadata":false,"compat_foreach":false,"compat_arrayleft":false,"compat_uW_gmonkey":false,"compat_forvarin":false,"noframes":null,"awareOfChrome":false,"run_at":null,"override":{"use_includes":[],"orig_includes":["*://fanyi.baidu.com/*","*://www.iciba.com/*","*://translate.google.cn/*","*://fanyi.youdao.com/*","*://cn.bing.com/translator/*","*://fanyi.sogou.com/*"],"merge_includes":true,"use_matches":[],"orig_matches":[],"merge_matches":true,"use_excludes":[],"orig_excludes":[],"merge_excludes":true,"use_connects":[],"merge_connects":true,"use_blockers":[],"orig_run_at":"document-start","orig_noframes":null,"orig_connects":[]}},"settings":{"enabled":true,"position":58},"meta":{"name":"『净网卫士』 在线翻译","uuid":"817187d7-56b1-48a6-bdaf-45c67572e7e2","modified":1576147914991}}