{"options":{"check_for_updates":true,"comment":null,"compatopts_for_requires":true,"compat_wrappedjsobject":false,"compat_metadata":false,"compat_foreach":false,"compat_arrayleft":false,"compat_uW_gmonkey":false,"compat_forvarin":false,"noframes":null,"awareOfChrome":false,"run_at":null,"override":{"use_includes":[],"orig_includes":[],"merge_includes":true,"use_matches":[],"orig_matches":["*://*.onlinedown.net/*","*://*.cr173.com/*","*://*.xiazaiba.com/*","*://*.mydown.com/*","*://*.pc6.com/*","*://*.zol.com.cn/*","*://*.pconline.com.cn/*","*://*.jb51.net/*","*://*.cncrk.com/*","*://pc.qq.com/*","*://*.crsky.com/*","*://*.duote.com/*","*://*.downza.cn/*","*://*.yesky.com/*","*://*.ddooo.com/*","*://*.pchome.net/*","*://*.xpgod.com/*","*://*.52z.com/*","*://*.opdown.com/*","*://*.newday.me/*"],"merge_matches":true,"use_excludes":[],"orig_excludes":[],"merge_excludes":true,"use_connects":[],"merge_connects":true,"use_blockers":[],"orig_run_at":"document-start","orig_noframes":null,"orig_connects":["newday.me"]}},"settings":{"enabled":true,"position":63},"meta":{"name":"下载卫士","uuid":"79331b55-fc90-4eee-80cf-9d6d23785fc7","modified":1576147914996}}