{"options":{"awareOfChrome":false,"check_for_updates":true,"comment":null,"compat_arrayleft":false,"compat_foreach":false,"compat_forvarin":false,"compat_metadata":false,"compat_uW_gmonkey":false,"compat_wrappedjsobject":false,"compatopts_for_requires":true,"noframes":null,"override":{"merge_connects":true,"merge_excludes":true,"merge_includes":true,"merge_matches":true,"orig_excludes":[],"orig_includes":[],"orig_matches":["*://kyfw.12306.cn/*","*://login.taobao.com/*","*://passport.jd.com/*","*://*.baidu.com/*","*://*.douban.com/*","*://passport.suning.com/*","*://*.zhihu.com/*","*://*.alipay.com/*","*://account.aliyun.com/*","*://*.qq.com/*","*://*.weiyun.com/*","*://exmail.qq.com/*","*://*.cloud.tencent.com/*","*://*.qcloud.com/*","*://mail.163.com/*","*://mail.126.com/*","*://www.iqiyi.com/*","*://www.acfun.cn/*","*://*.xiami.com/*","*://*.huya.com/*","*://passport.58.com/*","*://*.115.com/*","*://*.tianya.cn/*","*://*.tyrz.gd.gov.cn/*","*://*.baixing.com/*","*://*.sl56.com/*"],"orig_noframes":null,"orig_run_at":"document-end","use_blockers":[],"use_connects":[],"use_excludes":[],"use_includes":[],"use_matches":[]},"run_at":null},"settings":{"enabled":true,"position":38},"meta":{"name":"拒绝二维码登录","uuid":"54eab703-1965-406a-bf19-47fb834a72b5","modified":1573555310240}}