{"options":{"check_for_updates":true,"comment":null,"compatopts_for_requires":true,"compat_wrappedjsobject":false,"compat_metadata":false,"compat_foreach":false,"compat_arrayleft":false,"compat_uW_gmonkey":false,"compat_forvarin":false,"noframes":null,"awareOfChrome":false,"run_at":null,"override":{"use_includes":[],"orig_includes":[],"merge_includes":true,"use_matches":[],"orig_matches":["*://pan.baidu.com/*","*://yun.baidu.com/*","*://wangpan.baidu.com/*","*://duanxin.baidu.com/*","*://note.baidu.com/*","*://tonghuajilu.baidu.com/*","*://tongxunlu.baidu.com/*","*://wenzhang.baidu.com/*","*://zhaohui.baidu.com/*"],"merge_matches":true,"use_excludes":[],"orig_excludes":[],"merge_excludes":true,"use_connects":[],"merge_connects":true,"use_blockers":[],"orig_run_at":"document-idle","orig_noframes":null,"orig_connects":[]}},"settings":{"enabled":true,"position":21},"meta":{"name":"百度网盘资源_搜索引擎_聚合","uuid":"18c5e434-5b15-4b1b-9318-a1108fe03a8b","modified":1576147914896}}