{"data":{"share_log_json":"s{\"b143614\":{\"share_id\":\"b143614\",\"share_pwd\":\"0\",\"share_link\":\"https://www.lanzous.com/b143614/\",\"share_source\":\"lanzous\",\"share_time\":1574562922977},\"b134572\":{\"share_id\":\"b134572\",\"share_pwd\":\"0\",\"share_link\":\"https://www.lanzous.com/b134572/\",\"share_source\":\"lanzous\",\"share_time\":1574563301848},\"hT0JzPEKl4OReG6-oxbbsQ\":{\"share_id\":\"hT0JzPEKl4OReG6-oxbbsQ\",\"share_pwd\":\"au9q\",\"share_link\":\"https://pan.baidu.com/share/init?surl=hT0JzPEKl4OReG6-oxbbsQ\",\"share_source\":\"baidu\",\"share_time\":1574784789394}}","uid":"sqvlxawkdfnx7uql9ixl5haszjtxjlwzh"},"ts":1574784789394}