{"options":{"check_for_updates":true,"comment":null,"compatopts_for_requires":true,"compat_wrappedjsobject":false,"compat_metadata":false,"compat_foreach":false,"compat_arrayleft":false,"compat_uW_gmonkey":false,"compat_forvarin":false,"noframes":null,"awareOfChrome":false,"run_at":null,"override":{"use_includes":[],"orig_includes":[],"merge_includes":true,"use_matches":[],"orig_matches":["*://pan.baidu.com/*","*://yun.baidu.com/*","*://share.weiyun.com/*","*://*.lanzous.com/*","*://*.newday.me/*"],"merge_matches":true,"use_excludes":[],"orig_excludes":[],"merge_excludes":true,"use_connects":[],"merge_connects":true,"use_blockers":[],"orig_run_at":"document-start","orig_noframes":null,"orig_connects":["newday.me","ypsuperkey.meek.com.cn"]}},"settings":{"enabled":true,"position":18},"meta":{"name":"网盘助手","uuid":"5fe80d7a-0eff-4dbc-9786-90814e1171af","modified":1576147914889}}