{"options":{"check_for_updates":true,"comment":null,"compatopts_for_requires":true,"compat_wrappedjsobject":false,"compat_metadata":false,"compat_foreach":false,"compat_arrayleft":false,"compat_uW_gmonkey":false,"compat_forvarin":false,"noframes":null,"awareOfChrome":false,"run_at":null,"override":{"use_includes":[],"orig_includes":["http*://u2.dmhy.org/*","http*://www.tsdm.*/*","http*://totheglory.im/*","http*://www.52pojie.cn/*","http*://bbs.kafan.cn/*","http*://www.cordcloud.*/*","http*://www.zodgame.us/*"],"merge_includes":true,"use_matches":[],"orig_matches":[],"merge_matches":true,"use_excludes":[],"orig_excludes":[],"merge_excludes":true,"use_connects":[],"merge_connects":true,"use_blockers":[],"orig_run_at":"document-end","orig_noframes":null,"orig_connects":[]}},"settings":{"enabled":true,"position":53},"meta":{"name":"自用论坛辅助签到","uuid":"2b341233-8401-4a29-b8b3-429dd69fc10e","modified":1576147914988}}