{"options":{"awareOfChrome":false,"check_for_updates":true,"comment":null,"compat_arrayleft":false,"compat_foreach":false,"compat_forvarin":false,"compat_metadata":false,"compat_uW_gmonkey":false,"compat_wrappedjsobject":false,"compatopts_for_requires":true,"noframes":null,"override":{"merge_connects":true,"merge_excludes":true,"merge_includes":true,"merge_matches":true,"orig_excludes":[],"orig_includes":["http://cl.dzcl.pw/*","https://cl.dzcl.pw/*","http://*.cl.dzcl.pw/*","https://*.cl.dzcl.pw/*","http://woyao.cl/*","https://woyao.cl/*","http://*.woyao.cl/*","https://*.woyao.cl/*","http://cl.nea.cl/*","https://cl.nea.cl/*","http://*.cl.nea.cl/*","https://*.cl.nea.cl/*","http://cl.patf.com/*","https://cl.patf.com/*","http://*.cl.patf.com/*","https://*.cl.patf.com/*","http://cl.arlew.com/*","https://cl.arlew.com/*","http://*.cl.arlew.com/*","https://*.cl.arlew.com/*","http://t66y.com/*","https://t66y.com/*","http://*.t66y.com/*","https://*.t66y.com/*","http://184.154.128.243/*","https://184.154.128.243/*","http://*.184.154.128.243/*","https://*.184.154.128.243/*","http://cl.s1.lv/*","https://cl.s1.lv/*","http://*.cl.s1.lv/*","https://*.cl.s1.lv/*","http://wo.yao.cl/*","https://wo.yao.cl/*","http://*.wo.yao.cl/*","https://*.wo.yao.cl/*","http://c1521.biz.tm/*","https://c1521.biz.tm/*","http://*.c1521.biz.tm/*","https://*.c1521.biz.tm/*","http://cl.cyline.org/*","https://cl.cyline.org/*","http://*.cl.cyline.org/*","https://*.cl.cyline.org/*","http://chenli1027.gicp.net/*","https://chenli1027.gicp.net/*","http://*.chenli1027.gicp.net/*","https://*.chenli1027.gicp.net/*"],"orig_matches":[],"orig_noframes":null,"orig_run_at":"document-start","use_blockers":[],"use_connects":[],"use_excludes":[],"use_includes":["https://cc.vttg.pw/*"],"use_matches":[]},"run_at":null},"settings":{"enabled":true,"position":42},"meta":{"name":"草榴管理员死全家，谢谢！","uuid":"a2d896d2-d331-4a83-866d-e5272c0cd616","modified":1573555310245}}