{"options":{"awareOfChrome":false,"check_for_updates":true,"comment":null,"compat_arrayleft":false,"compat_foreach":false,"compat_forvarin":false,"compat_metadata":false,"compat_uW_gmonkey":false,"compat_wrappedjsobject":false,"compatopts_for_requires":true,"noframes":null,"override":{"merge_connects":true,"merge_excludes":true,"merge_includes":true,"merge_matches":true,"orig_connects":[],"orig_excludes":[],"orig_includes":["*://*91p*n.com/*","https://www.vlogdownloader.com/*","https://www.dmd.dog/*"],"orig_matches":[],"orig_noframes":null,"orig_run_at":"document-idle","use_blockers":[],"use_connects":[],"use_excludes":[],"use_includes":[],"use_matches":[]},"run_at":null},"settings":{"enabled":true,"position":50},"meta":{"name":"解析91","uuid":"ab3aa5a3-e7e0-4879-b2cc-d2bfaed8e24a","modified":1575871758805,"file_url":"https://greasyfork.org/scripts/378608-%E8%A7%A3%E6%9E%9091/code/%E8%A7%A3%E6%9E%9091.user.js"}}