{"options":{"check_for_updates":true,"comment":null,"compatopts_for_requires":true,"compat_wrappedjsobject":false,"compat_metadata":false,"compat_foreach":false,"compat_arrayleft":false,"compat_uW_gmonkey":false,"compat_forvarin":false,"noframes":null,"awareOfChrome":false,"run_at":null,"override":{"use_includes":[],"orig_includes":[],"merge_includes":true,"use_matches":[],"orig_matches":["*/thread*.*","/forum.php?mod==viewthread*","/forum.php?mod=viewthread*","/forum/forum.php?mod=viewthread*","/forum/thread*","/bbs/forum.php?mod=viewthread*","/forum.php?mod=post"],"merge_matches":true,"use_excludes":[],"orig_excludes":[],"merge_excludes":true,"use_connects":[],"merge_connects":true,"use_blockers":[],"orig_run_at":"document-idle","orig_noframes":null,"orig_connects":[]}},"settings":{"enabled":true,"position":54},"meta":{"name":"论坛快捷回帖","uuid":"d12b5c87-b375-4c52-89ef-6b361438a9f7","modified":1576147914989}}