{"options":{"check_for_updates":true,"comment":null,"compatopts_for_requires":true,"compat_wrappedjsobject":false,"compat_metadata":false,"compat_foreach":false,"compat_arrayleft":false,"compat_uW_gmonkey":false,"compat_forvarin":false,"noframes":null,"awareOfChrome":false,"run_at":null,"override":{"use_includes":[],"orig_includes":["*://tieba.baidu.com/*"],"merge_includes":true,"use_matches":[],"orig_matches":[],"merge_matches":true,"use_excludes":[],"orig_excludes":["*://tieba.baidu.com/f/fdir*","*://tieba.baidu.com/f/search*"],"merge_excludes":true,"use_connects":[],"merge_connects":true,"use_blockers":[],"orig_run_at":"document-body","orig_noframes":null,"orig_connects":[]}},"settings":{"enabled":true,"position":22},"meta":{"name":"贴吧全能助手","uuid":"ae6e2e87-ed08-4ff3-b180-622a99d3913a","modified":1576147914904}}