{"options":{"awareOfChrome":false,"check_for_updates":true,"comment":null,"compat_arrayleft":false,"compat_foreach":false,"compat_forvarin":false,"compat_metadata":false,"compat_uW_gmonkey":false,"compat_wrappedjsobject":false,"compatopts_for_requires":true,"noframes":null,"override":{"merge_connects":true,"merge_excludes":true,"merge_includes":true,"merge_matches":true,"orig_excludes":[],"orig_includes":[],"orig_matches":["*://*/*"],"orig_noframes":true,"orig_run_at":"document-idle","use_blockers":[],"use_connects":[],"use_excludes":[],"use_includes":[],"use_matches":[]},"run_at":null},"settings":{"enabled":false,"position":47},"meta":{"name":"链接地址洗白白","uuid":"7b5200d5-9f39-447c-ba1b-c980811c3dfe","modified":1574196298268,"file_url":"https://greasyfork.org/scripts/373270-%E9%93%BE%E6%8E%A5%E5%9C%B0%E5%9D%80%E6%B4%97%E7%99%BD%E7%99%BD/code/%E9%93%BE%E6%8E%A5%E5%9C%B0%E5%9D%80%E6%B4%97%E7%99%BD%E7%99%BD.user.js"}}