{"options":{"check_for_updates":true,"comment":null,"compatopts_for_requires":true,"compat_wrappedjsobject":false,"compat_metadata":false,"compat_foreach":false,"compat_arrayleft":false,"compat_uW_gmonkey":false,"compat_forvarin":false,"noframes":null,"awareOfChrome":false,"run_at":null,"override":{"use_includes":[],"orig_includes":["*://cc.vttg.pw/*","*://*.t6yy.com/*","*://cc.cfbf.xyz/*","*://cl.3wyq.com/*","*://cl.m9sz.com/*"],"merge_includes":true,"use_matches":[],"orig_matches":[],"merge_matches":true,"use_excludes":[],"orig_excludes":[],"merge_excludes":true,"use_connects":[],"merge_connects":true,"use_blockers":[],"orig_run_at":"document-end","orig_noframes":null,"orig_connects":[]}},"settings":{"enabled":true,"position":74},"meta":{"name":"1024网址更新+新帖标注+取消viidii跳转+去帖子广告+帖子内隐藏1024的回复等，修复版","uuid":"2dee47fc-2366-4c10-9bad-86cf0c6f31dc","modified":1576983057315,"file_url":"https://greasyfork.org/scripts/380392-1024%E7%BD%91%E5%9D%80%E6%9B%B4%E6%96%B0-%E6%96%B0%E5%B8%96%E6%A0%87%E6%B3%A8-%E5%8F%96%E6%B6%88viidii%E8%B7%B3%E8%BD%AC-%E5%8E%BB%E5%B8%96%E5%AD%90%E5%B9%BF%E5%91%8A-%E5%B8%96%E5%AD%90%E5%86%85%E9%9A%90%E8%97%8F1024%E7%9A%84%E5%9B%9E%E5%A4%8D%E7%AD%89-%E4%BF%AE%E5%A4%8D%E7%89%88/code/1024%E7%BD%91%E5%9D%80%E6%9B%B4%E6%96%B0+%E6%96%B0%E5%B8%96%E6%A0%87%E6%B3%A8+%E5%8F%96%E6%B6%88viidii%E8%B7%B3%E8%BD%AC+%E5%8E%BB%E5%B8%96%E5%AD%90%E5%B9%BF%E5%91%8A+%E5%B8%96%E5%AD%90%E5%86%85%E9%9A%90%E8%97%8F1024%E7%9A%84%E5%9B%9E%E5%A4%8D%E7%AD%89%EF%BC%8C%E4%BF%AE%E5%A4%8D%E7%89%88.user.js"}}