{"options":{"check_for_updates":true,"comment":null,"compatopts_for_requires":true,"compat_wrappedjsobject":false,"compat_metadata":false,"compat_foreach":false,"compat_arrayleft":false,"compat_uW_gmonkey":false,"compat_forvarin":false,"noframes":null,"awareOfChrome":false,"run_at":null,"override":{"use_includes":[],"orig_includes":["*://cc.vttg.pw/*","*://*.t6yy.com/*","*://cc.cfbf.xyz/*","*://cl.3wyq.com/*","*://cl.m9sz.com/*"],"merge_includes":true,"use_matches":[],"orig_matches":[],"merge_matches":true,"use_excludes":[],"orig_excludes":[],"merge_excludes":true,"use_connects":[],"merge_connects":true,"use_blockers":[],"orig_run_at":"document-end","orig_noframes":null}},"settings":{"enabled":true,"position":77},"meta":{"name":"1024网址更新+新帖标注+取消viidii跳转+去帖子广告+帖子内隐藏1024的回复等，修复版","uuid":"2dee47fc-2366-4c10-9bad-86cf0c6f31dc","modified":1576370875684}}