{"options":{"check_for_updates":true,"comment":null,"compatopts_for_requires":true,"compat_wrappedjsobject":false,"compat_metadata":false,"compat_foreach":false,"compat_arrayleft":false,"compat_uW_gmonkey":false,"compat_forvarin":false,"noframes":null,"awareOfChrome":false,"run_at":null,"override":{"use_includes":[],"orig_includes":[],"merge_includes":true,"use_matches":[],"orig_matches":["https://music.163.com/"],"merge_matches":true,"use_excludes":[],"orig_excludes":[],"merge_excludes":true,"use_connects":[],"merge_connects":true,"use_blockers":[],"orig_run_at":"document-idle","orig_noframes":null,"orig_connects":[]}},"settings":{"enabled":true,"position":47},"meta":{"name":"163 Music Downloader 网易云音乐下载助手","uuid":"68e032bd-1d2f-4b55-912b-fd502021871b","modified":1576983057271,"file_url":"https://greasyfork.org/scripts/379002-163-music-downloader-%E7%BD%91%E6%98%93%E4%BA%91%E9%9F%B3%E4%B9%90%E4%B8%8B%E8%BD%BD%E5%8A%A9%E6%89%8B/code/163%20Music%20Downloader%20%E7%BD%91%E6%98%93%E4%BA%91%E9%9F%B3%E4%B9%90%E4%B8%8B%E8%BD%BD%E5%8A%A9%E6%89%8B.user.js"}}