{"options":{"check_for_updates":true,"comment":null,"compatopts_for_requires":true,"compat_wrappedjsobject":false,"compat_metadata":false,"compat_foreach":false,"compat_arrayleft":false,"compat_uW_gmonkey":false,"compat_forvarin":false,"noframes":null,"awareOfChrome":false,"run_at":null,"override":{"use_includes":[],"orig_includes":["*://ipv6.baidu.com/*","*://www.baidu.com/*","*://m.baidu.com/*","*://xueshu.baidu.com/s*","*://www.sogou.com/web*","*://www.sogou.com/sie*","*://www.sogou.com/sogou*","*://www.sogou.com/tx*","*://www.so.com/s?*","*://*.bing.com/*","*://encrypted.google.*/search*","*://*.google*/search*","*://*.google*/webhp*","*://www.google*/ac-notexist*","*://*.zhihu.com/*"],"merge_includes":true,"use_matches":[],"orig_matches":[],"merge_matches":true,"use_excludes":[],"orig_excludes":["*://*.google*/sorry*"],"merge_excludes":true,"use_connects":[],"merge_connects":true,"use_blockers":[],"orig_run_at":"document-start","orig_noframes":null}},"settings":{"enabled":true,"position":1},"meta":{"name":"AC-baidu:重定向优化百度搜狗谷歌搜索_去广告_favicon_双列","uuid":"9fa7c546-a095-4473-8518-e516ca566d3b","modified":1577194489497,"file_url":"https://greasyfork.org/scripts/14178-ac-baidu-%E9%87%8D%E5%AE%9A%E5%90%91%E4%BC%98%E5%8C%96%E7%99%BE%E5%BA%A6%E6%90%9C%E7%8B%97%E8%B0%B7%E6%AD%8C%E6%90%9C%E7%B4%A2-%E5%8E%BB%E5%B9%BF%E5%91%8A-favicon-%E5%8F%8C%E5%88%97/code/AC-baidu:%E9%87%8D%E5%AE%9A%E5%90%91%E4%BC%98%E5%8C%96%E7%99%BE%E5%BA%A6%E6%90%9C%E7%8B%97%E8%B0%B7%E6%AD%8C%E6%90%9C%E7%B4%A2_%E5%8E%BB%E5%B9%BF%E5%91%8A_favicon_%E5%8F%8C%E5%88%97.user.js"}}