{"options":{"check_for_updates":true,"comment":null,"compatopts_for_requires":true,"compat_wrappedjsobject":false,"compat_metadata":false,"compat_foreach":false,"compat_arrayleft":false,"compat_uW_gmonkey":false,"compat_forvarin":false,"noframes":null,"awareOfChrome":false,"run_at":null,"override":{"use_includes":[],"orig_includes":[],"merge_includes":true,"use_matches":[],"orig_matches":["*://*.youtube.com/*"],"merge_matches":true,"use_excludes":[],"orig_excludes":["*://*.youtube.com/subscribe_embed?*"],"merge_excludes":true,"use_connects":[],"merge_connects":true,"use_blockers":[],"orig_run_at":"document-idle","orig_noframes":null}},"settings":{"enabled":true,"position":32},"meta":{"name":"Auto Close YouTube Ads","uuid":"8f4df79f-fbc8-46a1-bf14-501ff247a92b","modified":1577194489679,"file_url":"https://greasyfork.org/scripts/9165-auto-close-youtube-ads/code/Auto%20Close%20YouTube%20Ads.user.js"}}