{"options":{"check_for_updates":true,"comment":null,"compatopts_for_requires":true,"compat_wrappedjsobject":false,"compat_metadata":false,"compat_foreach":false,"compat_arrayleft":false,"compat_uW_gmonkey":false,"compat_forvarin":false,"noframes":null,"awareOfChrome":false,"run_at":null,"override":{"use_includes":[],"orig_includes":[],"merge_includes":true,"use_matches":[],"orig_matches":["https://jingyan.baidu.com/article/*"],"merge_matches":true,"use_excludes":[],"orig_excludes":[],"merge_excludes":true,"use_connects":[],"merge_connects":true,"use_blockers":[],"orig_run_at":"document-idle","orig_noframes":null,"orig_connects":[]}},"settings":{"enabled":true,"position":23},"meta":{"name":"Baidu Jingyan 百度经验 目录列表","uuid":"5e6fb2d8-14e9-4783-99f8-d25a6d4f8c1d","modified":1576983057203,"file_url":"https://greasyfork.org/scripts/381414-baidu-jingyan-%E7%99%BE%E5%BA%A6%E7%BB%8F%E9%AA%8C-%E7%9B%AE%E5%BD%95%E5%88%97%E8%A1%A8/code/Baidu%20Jingyan%20%E7%99%BE%E5%BA%A6%E7%BB%8F%E9%AA%8C%20%E7%9B%AE%E5%BD%95%E5%88%97%E8%A1%A8.user.js"}}