{"options":{"check_for_updates":true,"comment":null,"compatopts_for_requires":true,"compat_wrappedjsobject":false,"compat_metadata":false,"compat_foreach":false,"compat_arrayleft":false,"compat_uW_gmonkey":false,"compat_forvarin":false,"noframes":null,"awareOfChrome":false,"run_at":null,"override":{"use_includes":[],"orig_includes":["*.bilibili.com/*"],"merge_includes":true,"use_matches":[],"orig_matches":[],"merge_matches":true,"use_excludes":[],"orig_excludes":["*://live.bilibili.com/*","*://manga.bilibili.com/*","*://bw.bilibili.com/*","*://show.bilibili.com/*"],"merge_excludes":true,"use_connects":[],"merge_connects":true,"use_blockers":[],"orig_run_at":"document-idle","orig_noframes":true}},"settings":{"enabled":true,"position":41},"meta":{"name":"bilibili订阅+","uuid":"9769937d-4dfa-4f89-80a3-19fdcfe0491f","modified":1577194489706,"file_url":"https://greasyfork.org/scripts/30283-bilibili%E8%AE%A2%E9%98%85/code/bilibili%E8%AE%A2%E9%98%85+.user.js"}}