{"options":{"check_for_updates":true,"comment":null,"compatopts_for_requires":true,"compat_wrappedjsobject":false,"compat_metadata":false,"compat_foreach":false,"compat_arrayleft":false,"compat_prototypes":true,"compat_uW_gmonkey":false,"compat_forvarin":false,"noframes":null,"awareOfChrome":false,"run_at":null,"override":{"use_includes":[],"orig_includes":[],"merge_includes":true,"use_matches":[],"orig_matches":["*://*.bilibili.com/*"],"merge_matches":true,"use_excludes":[],"orig_excludes":[],"merge_excludes":true,"use_connects":[],"merge_connects":true,"use_blockers":[],"orig_run_at":"document-start","orig_noframes":null}},"settings":{"enabled":true,"position":40},"meta":{"name":"Bilibili Evolved (Preview)","uuid":"604ae9c4-fff2-4657-9d6c-38a00d8ad45b","modified":1576983057264,"file_url":"https://github.com/the1812/Bilibili-Evolved/raw/preview/bilibili-evolved.preview.user.js"}}