{"options":{"check_for_updates":true,"comment":null,"compatopts_for_requires":true,"compat_wrappedjsobject":false,"compat_metadata":false,"compat_foreach":false,"compat_arrayleft":false,"compat_uW_gmonkey":false,"compat_forvarin":false,"noframes":null,"awareOfChrome":false,"run_at":null,"override":{"use_includes":[],"orig_includes":[],"merge_includes":true,"use_matches":[],"orig_matches":["*://www.bilibili.com/video/*","*://www.bilibili.com/bangumi/play/*","*://www.douyu.com/*","*://www.huya.com/*"],"merge_matches":true,"use_excludes":[],"orig_excludes":[],"merge_excludes":true,"use_connects":[],"merge_connects":true,"use_blockers":[],"orig_run_at":"document-idle","orig_noframes":null,"orig_connects":[]}},"settings":{"enabled":true,"position":37},"meta":{"name":"Bilibili 视频默认选择最高清晰度","uuid":"88ad492c-fd76-43e6-90f7-b5205f244219","modified":1576983057249,"file_url":"https://greasyfork.org/scripts/374770-bilibili-%E8%A7%86%E9%A2%91%E9%BB%98%E8%AE%A4%E9%80%89%E6%8B%A9%E6%9C%80%E9%AB%98%E6%B8%85%E6%99%B0%E5%BA%A6/code/Bilibili%20%E8%A7%86%E9%A2%91%E9%BB%98%E8%AE%A4%E9%80%89%E6%8B%A9%E6%9C%80%E9%AB%98%E6%B8%85%E6%99%B0%E5%BA%A6.user.js"}}