{"options":{"check_for_updates":true,"comment":null,"compatopts_for_requires":true,"compat_wrappedjsobject":false,"compat_metadata":false,"compat_foreach":false,"compat_arrayleft":false,"compat_uW_gmonkey":false,"compat_forvarin":false,"noframes":null,"awareOfChrome":false,"run_at":null,"override":{"use_includes":[],"orig_includes":["http*://*/*","http*://pan.baidu.com/*","http*://115.com/*","https://www.furk.net/*","https://www.seedr.cc/*"],"merge_includes":true,"use_matches":[],"orig_matches":[],"merge_matches":true,"use_excludes":[],"orig_excludes":[],"merge_excludes":true,"use_connects":[],"merge_connects":true,"use_blockers":[],"orig_run_at":"document-idle","orig_noframes":null}},"settings":{"enabled":true,"position":17},"meta":{"name":"Easy offline","uuid":"849cbf07-5f16-4c07-b50a-54eff4e56931","modified":1577194489620,"file_url":"https://greasyfork.org/scripts/22590-%E4%B8%80%E9%94%AE%E7%A6%BB%E7%BA%BF%E4%B8%8B%E8%BD%BD/code/%E4%B8%80%E9%94%AE%E7%A6%BB%E7%BA%BF%E4%B8%8B%E8%BD%BD.user.js"}}