{"options":{"check_for_updates":true,"comment":null,"compatopts_for_requires":true,"compat_wrappedjsobject":false,"compat_metadata":false,"compat_foreach":false,"compat_arrayleft":false,"compat_uW_gmonkey":false,"compat_forvarin":false,"noframes":null,"awareOfChrome":false,"run_at":null,"override":{"use_includes":[],"orig_includes":[],"merge_includes":true,"use_matches":[],"orig_matches":["*://github.com/*"],"merge_matches":true,"use_excludes":[],"orig_excludes":[],"merge_excludes":true,"use_connects":[],"merge_connects":true,"use_blockers":[],"orig_run_at":"document-idle","orig_noframes":null}},"settings":{"enabled":true,"position":29},"meta":{"name":"GitHub 镜像加速下载-码酷博客-改","uuid":"7409d3e4-e1b8-40b6-a4eb-94614f7be319","modified":1577194489665,"file_url":"https://greasyfork.org/scripts/391911-github-%E9%95%9C%E5%83%8F%E5%8A%A0%E9%80%9F%E4%B8%8B%E8%BD%BD-%E7%A0%81%E9%85%B7%E5%8D%9A%E5%AE%A2-%E6%94%B9/code/GitHub%20%E9%95%9C%E5%83%8F%E5%8A%A0%E9%80%9F%E4%B8%8B%E8%BD%BD-%E7%A0%81%E9%85%B7%E5%8D%9A%E5%AE%A2-%E6%94%B9.user.js"}}