{"options":{"check_for_updates":true,"comment":null,"compatopts_for_requires":true,"compat_wrappedjsobject":false,"compat_metadata":false,"compat_foreach":false,"compat_arrayleft":false,"compat_uW_gmonkey":false,"compat_forvarin":false,"noframes":null,"awareOfChrome":false,"run_at":null,"override":{"use_includes":[],"orig_includes":["https://github.com/*"],"merge_includes":true,"use_matches":[],"orig_matches":[],"merge_matches":true,"use_excludes":[],"orig_excludes":[],"merge_excludes":true,"use_connects":[],"merge_connects":true,"use_blockers":[],"orig_run_at":"document-idle","orig_noframes":null}},"settings":{"enabled":true,"position":28},"meta":{"name":"Github 中文计划 jaeger","uuid":"174514ba-7fba-4fcc-9974-2b7b8ea3991b","modified":1577194489665,"file_url":"https://greasyfork.org/scripts/390079-github-%E4%B8%AD%E6%96%87%E8%AE%A1%E5%88%92-jaeger/code/Github%20%E4%B8%AD%E6%96%87%E8%AE%A1%E5%88%92%20jaeger.user.js"}}