{"options":{"check_for_updates":true,"comment":null,"compatopts_for_requires":true,"compat_wrappedjsobject":false,"compat_metadata":false,"compat_foreach":false,"compat_arrayleft":false,"compat_uW_gmonkey":false,"compat_forvarin":false,"noframes":null,"awareOfChrome":false,"run_at":null,"override":{"use_includes":[],"orig_includes":[],"merge_includes":true,"use_matches":[],"orig_matches":["http*://*.xmtv.cn/*shtml","http*://*.cntv.cn/*shtml","http*://*.cctv.com/*shtml","http*://*.*.cctv.com/*shtml"],"merge_matches":true,"use_excludes":[],"orig_excludes":[],"merge_excludes":true,"use_connects":[],"merge_connects":true,"use_blockers":[],"orig_run_at":"document-idle","orig_noframes":null}},"settings":{"enabled":true,"position":39},"meta":{"name":"HTML5 播放器 / 央视 & 厦门卫视（点播）","uuid":"4ddede32-23db-4c64-b3da-648c95a619cd","modified":1576983057250}}