{"options":{"check_for_updates":true,"comment":null,"compatopts_for_requires":true,"compat_wrappedjsobject":false,"compat_metadata":false,"compat_foreach":false,"compat_arrayleft":false,"compat_uW_gmonkey":false,"compat_forvarin":false,"noframes":null,"awareOfChrome":false,"run_at":null,"override":{"use_includes":[],"orig_includes":["http://*","https://*"],"merge_includes":true,"use_matches":[],"orig_matches":[],"merge_matches":true,"use_excludes":[],"orig_excludes":["http://www.iciba.com*"],"merge_excludes":true,"use_connects":["iciba.com"],"merge_connects":true,"use_blockers":[],"orig_run_at":"document-idle","orig_noframes":null}},"settings":{"enabled":true,"position":10},"meta":{"name":"iciba划词翻译","uuid":"72702eaa-217f-43de-b26d-0611769b21bd","modified":1577194489596,"file_url":"https://greasyfork.org/scripts/6303-iciba%E5%88%92%E8%AF%8D%E7%BF%BB%E8%AF%91/code/iciba%E5%88%92%E8%AF%8D%E7%BF%BB%E8%AF%91.user.js"}}