{"options":{"check_for_updates":true,"comment":null,"compatopts_for_requires":true,"compat_wrappedjsobject":false,"compat_metadata":false,"compat_foreach":false,"compat_arrayleft":false,"compat_uW_gmonkey":false,"compat_forvarin":false,"noframes":null,"awareOfChrome":false,"run_at":null,"override":{"use_includes":[],"orig_includes":["/^https?:\\/\\/[^/]*google\\.[a-z]+\\/.*tbm=isch/","/^https?:\\/\\/[^/]*images\\.search\\.yahoo\\.[a-z]+\\//","/^https?:\\/\\/[^/]*bing\\.[a-z]+\\/images\\/search/","/^https?:\\/\\/[^/]*duckduckgo\\.com\\/.*?&ia=images/","/^https?:\\/\\/[^/]*startpage\\.com\\/do\\/a?search/","/^https?:\\/\\/[^/]*tineye\\.com\\/search\\/[0-9a-f]+\\//","/^https?:\\/\\/[^/]*yandex\\.ru\\/images\\/search/","/^https?:\\/\\/[^/]*qwant\\.com\\/\\?(?:.*&)?t=images/","/^https?:\\/\\/[^/]*dogpile\\.com\\/serp\\?(?:.*&)?qc=images/","/^https?:\\/\\/[^/]*gigablast\\.com\\/search\\?(?:.*&)?searchtype=images/","/^https?:\\/\\/[^/]*ecosia\\.org\\/images\\?/","/^https?:\\/\\/[^/]*searchencrypt\\.com\\/images\\?/"],"merge_includes":true,"use_matches":[],"orig_matches":["*://image.baidu.com/*","*://searx.me/*"],"merge_matches":true,"use_excludes":[],"orig_excludes":[],"merge_excludes":true,"use_connects":[],"merge_connects":true,"use_blockers":[],"orig_run_at":"document-end","orig_noframes":null}},"settings":{"enabled":true,"position":13},"meta":{"name":"Image Search Exclusion","uuid":"d6ee73bf-2a35-4edf-bc5f-2a46e8405799","modified":1577194489613,"file_url":"https://greasyfork.org/scripts/371978-image-search-exclusion/code/Image%20Search%20Exclusion.user.js"}}