{"options":{"check_for_updates":true,"comment":null,"compatopts_for_requires":true,"compat_wrappedjsobject":false,"compat_metadata":false,"compat_foreach":false,"compat_arrayleft":false,"compat_uW_gmonkey":false,"compat_forvarin":false,"noframes":null,"awareOfChrome":false,"run_at":null,"override":{"use_includes":[],"orig_includes":[],"merge_includes":true,"use_matches":[],"orig_matches":["http://*.googleusercontent.com/*","https://*.googleusercontent.com/*","http://*.media.tumblr.com/*","https://*.media.tumblr.com/*","http://secure.static.tumblr.com/*","https://secure.static.tumblr.com/*","http://*.bp.blogspot.com/*","https://*.bp.blogspot.com/*","http://*.sinaimg.cn/*","https://*.sinaimg.cn/*","http://*.sinaimg.com/*","https://*.sinaimg.com/*","http://*.twimg.com/*","https://*.twimg.com/*","http://*.zhimg.com/*","https://*.zhimg.com/*","http://*.douban.com/view/*","https://*.douban.com/view/*","http://*.doubanio.com/view/*","https://*.doubanio.com/view/*","http://imgsrc.baidu.com/*","https://imgsrc.baidu.com/*","http://imgsa.baidu.com/*","https://imgsa.baidu.com/*","http://tiebapic.baidu.com/*","https://tiebapic.baidu.com/*","http://*.hiphotos.baidu.com/*","https://*.hiphotos.baidu.com/*","http://*.bdimg.com/*","https://*.bdimg.com/*","http://images.akamai.steamusercontent.com/*","https://images.akamai.steamusercontent.com/*","http://steamuserimages-a.akamaihd.net/*","https://steamuserimages-a.akamaihd.net/*","http://*.artstation.com/*","https://*.artstation.com/*","http://i.ytimg.com/*","https://i.ytimg.com/*","http://*.ggpht.com/*","https://*.ggpht.com/*","http://*.pinimg.com/*","https://*.pinimg.com/*","http://*.hdslb.com/*","https://*.hdslb.com/*","http://*.alicdn.com/*","https://*.alicdn.com/*"],"merge_matches":true,"use_excludes":[],"orig_excludes":["https://*.douban.com/view/ark_article_cover/*","https://*.doubanio.com/view/ark_article_cover/*"],"merge_excludes":true,"use_connects":[],"merge_connects":true,"use_blockers":[],"orig_run_at":"document-start","orig_noframes":null}},"settings":{"enabled":true,"position":14},"meta":{"name":"Resize Image On \"Open image in new tab\"","uuid":"c0efcffb-ba91-4e86-8df1-8255bbef76c7","modified":1577194489615,"file_url":"https://greasyfork.org/scripts/393967-resize-image-on-open-image-in-new-tab/code/Resize%20Image%20On%20%22Open%20image%20in%20new%20tab%22.user.js"}}