{"options":{"check_for_updates":true,"comment":null,"compatopts_for_requires":true,"compat_wrappedjsobject":false,"compat_metadata":false,"compat_foreach":false,"compat_arrayleft":false,"compat_uW_gmonkey":false,"compat_forvarin":false,"noframes":null,"awareOfChrome":false,"run_at":null,"override":{"use_includes":[],"orig_includes":[],"merge_includes":true,"use_matches":[],"orig_matches":["*://*/*"],"merge_matches":true,"use_excludes":[],"orig_excludes":[],"merge_excludes":true,"use_connects":[],"merge_connects":true,"use_blockers":[],"orig_run_at":"document-end","orig_noframes":null}},"settings":{"enabled":true,"position":2},"meta":{"name":"searchEngineJump 搜索引擎快捷跳转","uuid":"22a159d8-d30b-4889-9fe7-35abe69c7a40","modified":1577194489508,"file_url":"https://greasyfork.org/scripts/27752-searchenginejump-%E6%90%9C%E7%B4%A2%E5%BC%95%E6%93%8E%E5%BF%AB%E6%8D%B7%E8%B7%B3%E8%BD%AC/code/searchEngineJump%20%E6%90%9C%E7%B4%A2%E5%BC%95%E6%93%8E%E5%BF%AB%E6%8D%B7%E8%B7%B3%E8%BD%AC.user.js"}}