{"options":{"check_for_updates":true,"comment":null,"compatopts_for_requires":true,"compat_wrappedjsobject":false,"compat_metadata":false,"compat_foreach":false,"compat_arrayleft":false,"compat_uW_gmonkey":false,"compat_forvarin":false,"noframes":null,"awareOfChrome":false,"run_at":null,"override":{"use_includes":[],"orig_includes":["*"],"merge_includes":true,"use_matches":[],"orig_matches":[],"merge_matches":true,"use_excludes":[],"orig_excludes":[],"merge_excludes":true,"use_connects":[],"merge_connects":true,"use_blockers":[],"orig_run_at":"document-start","orig_noframes":null}},"settings":{"enabled":false,"position":5},"meta":{"name":"Select text inside a link like Opera","uuid":"327c6aeb-3026-4287-9af6-aa8cc5e91bd9","modified":1576983057111}}