{"options":{"check_for_updates":true,"comment":null,"compatopts_for_requires":true,"compat_wrappedjsobject":false,"compat_metadata":false,"compat_foreach":false,"compat_arrayleft":false,"compat_uW_gmonkey":false,"compat_forvarin":false,"noframes":null,"awareOfChrome":false,"run_at":null,"override":{"use_includes":[],"orig_includes":["http*://*/*"],"merge_includes":true,"use_matches":[],"orig_matches":[],"merge_matches":true,"use_excludes":[],"orig_excludes":[],"merge_excludes":true,"use_connects":[],"merge_connects":true,"use_blockers":[],"orig_run_at":"document-idle","orig_noframes":null}},"settings":{"enabled":true,"position":15},"meta":{"name":"Select All Checkboxes","uuid":"f912aa7d-7fe0-4b65-a721-9857c7c1b085","modified":1577194489616,"file_url":"https://greasyfork.org/scripts/22587-%E5%A4%9A%E9%80%89%E6%A1%86%E4%BC%B4%E4%BE%A3/code/%E5%A4%9A%E9%80%89%E6%A1%86%E4%BC%B4%E4%BE%A3.user.js"}}