{"script_blacklist_server":[{"severity":"2","rules":["/https?:\\/\\/userscripts\\.org\\/scripts\\/(source|version)/(102614).*\\.user\\.js/"]},{"name":"SaveFrom.net helper","severity":"3","rules":["/https?:\\/\\/sf-addon\\.com\\/.*\\/.*\\.user\\.js/","/https?:\\/\\/.*\\.sf-helper\\.com\\/.*\\.user\\.js/"],"reason":"Shows advertisements"}],"configMode":100,"action_menu_scripts_hide_disabled":false,"action_menu_columns":"1","action_menu_scripts_sort":"auto","appearance_badges":"running_unique","appearance_badge_color":"#ee3131"}