{"data":{"hlbtnvis":"son","hlframe":"snone","hlnextset":"n101","hlprecode":"btrue","kwstyles":"s{\"set100\":{\"keywords\":\"scripts|script\",\"type\":\"string\",\"hlpat\":\"\",\"textcolor\":\"rgb(0,0,0)\",\"backcolor\":\"rgb(255,255,128)\",\"fontweight\":\"inherit\",\"custom\":\"\",\"enabled\":\"true\",\"visible\":\"true\",\"updated\":\"\"},\"set099\":{\"keywords\":\"site\",\"type\":\"word\",\"hlpat\":\"\",\"textcolor\":\"rgb(0,0,0)\",\"backcolor\":\"rgb(255,192,255)\",\"fontweight\":\"inherit\",\"custom\":\"\",\"enabled\":\"true\",\"visible\":\"true\",\"updated\":\"\"},\"set098\":{\"keywords\":\"^October \\\\d{1,2}\",\"type\":\"regex\",\"hlpat\":\"\",\"textcolor\":\"rgb(0,0,0)\",\"backcolor\":\"rgb(192,255,255)\",\"fontweight\":\"inherit\",\"custom\":\"\",\"enabled\":\"true\",\"visible\":\"true\",\"updated\":\"\"}}"},"ts":1577194491330}