{"options":{"check_for_updates":true,"comment":null,"compatopts_for_requires":true,"compat_wrappedjsobject":false,"compat_metadata":false,"compat_foreach":false,"compat_arrayleft":false,"compat_uW_gmonkey":false,"compat_forvarin":false,"noframes":null,"awareOfChrome":false,"run_at":null,"override":{"use_includes":[],"orig_includes":[],"merge_includes":true,"use_matches":[],"orig_matches":["*://www.jianshu.com/p/*","*://cdn2.jianshu.io/p/*","*://juejin.im/post/*","*://juejin.im/entry/*","*://sspai.com/*","*://zhuanlan.zhihu.com/p/*","*://mp.weixin.qq.com/s?*","*://cnodejs.org/topic/*","*://div.io/topic/*","*://www.zcfy.cc/article/*"],"merge_matches":true,"use_excludes":[],"orig_excludes":[],"merge_excludes":true,"use_connects":[],"merge_connects":true,"use_blockers":[],"orig_run_at":"document-idle","orig_noframes":null}},"settings":{"enabled":true,"position":52},"meta":{"name":"TreeBar","uuid":"aae81b12-05f6-4dd0-85d5-d40c5c8e168b","modified":1576983057279}}