{"options":{"check_for_updates":true,"comment":null,"compatopts_for_requires":true,"compat_wrappedjsobject":false,"compat_metadata":false,"compat_foreach":false,"compat_arrayleft":false,"compat_prototypes":false,"compat_uW_gmonkey":false,"compat_forvarin":false,"noframes":null,"awareOfChrome":true,"run_at":null,"override":{"use_includes":[],"orig_includes":["https://weibo.com/*","https://*.weibo.com/*"],"merge_includes":true,"use_matches":[],"orig_matches":["https://*.weibo.com/*"],"merge_matches":true,"use_excludes":[],"orig_excludes":["https://weibo.com/a/bind/*","https://account.weibo.com/*","https://kefu.weibo.com/*","https://photo.weibo.com/*","https://security.weibo.com/*","https://verified.weibo.com/*","https://vip.weibo.com/*","https://api.weibo.com/chat*"],"merge_excludes":true,"use_connects":[],"merge_connects":true,"use_blockers":[],"orig_run_at":"document-start","orig_noframes":true}},"settings":{"enabled":true,"position":57},"meta":{"name":"Yet Another Weibo Filter","uuid":"efec322b-b30c-47ac-8a3e-08cc90bb7acc","modified":1577194489735,"file_url":"https://greasyfork.org/scripts/3249-yet-another-weibo-filter/code/Yet%20Another%20Weibo%20Filter.user.js"}}