{"options":{"check_for_updates":true,"comment":null,"compatopts_for_requires":true,"compat_wrappedjsobject":false,"compat_metadata":false,"compat_foreach":false,"compat_arrayleft":false,"compat_uW_gmonkey":false,"compat_forvarin":false,"noframes":null,"awareOfChrome":false,"run_at":null,"override":{"use_includes":[],"orig_includes":[],"merge_includes":true,"use_matches":[],"orig_matches":["*://www.youtube.com/*"],"merge_matches":true,"use_excludes":[],"orig_excludes":[],"merge_excludes":true,"use_connects":[],"merge_connects":true,"use_blockers":[],"orig_run_at":"document-start","orig_noframes":null}},"settings":{"enabled":true,"position":35},"meta":{"name":"Youtube No Autoplay - Disable \"Up Next\"","uuid":"894b9fc6-15d4-4cb5-af6d-feb39801ee8a","modified":1577194489683,"file_url":"https://greasyfork.org/scripts/33274-youtube-no-autoplay-disable-up-next/code/Youtube%20No%20Autoplay%20-%20Disable%20%22Up%20Next%22.user.js"}}