{"options":{"check_for_updates":true,"comment":null,"compatopts_for_requires":true,"compat_wrappedjsobject":false,"compat_metadata":false,"compat_foreach":false,"compat_arrayleft":false,"compat_uW_gmonkey":false,"compat_forvarin":false,"noframes":null,"awareOfChrome":false,"run_at":null,"override":{"use_includes":[],"orig_includes":["*://*.csdn.net/*/article/details/*"],"merge_includes":true,"use_matches":[],"orig_matches":[],"merge_matches":true,"use_excludes":[],"orig_excludes":[],"merge_excludes":true,"use_connects":[],"merge_connects":true,"use_blockers":[],"orig_run_at":"document-start","orig_noframes":null,"orig_connects":[]}},"settings":{"enabled":true,"position":60},"meta":{"name":"『净网卫士』 CSDN文章","uuid":"cb5933b2-f3c4-428c-a247-93f3ea944b6d","modified":1576983057296,"file_url":"https://greasyfork.org/scripts/386616-%E5%87%80%E7%BD%91%E5%8D%AB%E5%A3%AB-csdn%E6%96%87%E7%AB%A0/code/%E3%80%8E%E5%87%80%E7%BD%91%E5%8D%AB%E5%A3%AB%E3%80%8F%20CSDN%E6%96%87%E7%AB%A0.user.js"}}