{"options":{"check_for_updates":true,"comment":null,"compatopts_for_requires":true,"compat_wrappedjsobject":false,"compat_metadata":false,"compat_foreach":false,"compat_arrayleft":false,"compat_uW_gmonkey":false,"compat_forvarin":false,"noframes":null,"awareOfChrome":false,"run_at":null,"override":{"use_includes":[],"orig_includes":["*://tinyjpg.com/*","*://tinypng.com/*"],"merge_includes":true,"use_matches":[],"orig_matches":[],"merge_matches":true,"use_excludes":[],"orig_excludes":[],"merge_excludes":true,"use_connects":[],"merge_connects":true,"use_blockers":[],"orig_run_at":"document-start","orig_noframes":null,"orig_connects":[]}},"settings":{"enabled":true,"position":62},"meta":{"name":"『净网卫士』 Tiny图片压缩","uuid":"d815266e-334f-42f4-a796-b79905023efa","modified":1576983057297,"file_url":"https://greasyfork.org/scripts/33384-%E5%87%80%E7%BD%91%E5%8D%AB%E5%A3%AB-tiny%E5%9B%BE%E7%89%87%E5%8E%8B%E7%BC%A9/code/%E3%80%8E%E5%87%80%E7%BD%91%E5%8D%AB%E5%A3%AB%E3%80%8F%20Tiny%E5%9B%BE%E7%89%87%E5%8E%8B%E7%BC%A9.user.js"}}