{"options":{"check_for_updates":true,"comment":null,"compatopts_for_requires":true,"compat_wrappedjsobject":false,"compat_metadata":false,"compat_foreach":false,"compat_arrayleft":false,"compat_uW_gmonkey":false,"compat_forvarin":false,"noframes":null,"awareOfChrome":false,"run_at":null,"override":{"use_includes":[],"orig_includes":["*://www.weiyun.com/*"],"merge_includes":true,"use_matches":[],"orig_matches":[],"merge_matches":true,"use_excludes":[],"orig_excludes":[],"merge_excludes":true,"use_connects":[],"merge_connects":true,"use_blockers":[],"orig_run_at":"document-end","orig_noframes":null}},"settings":{"enabled":true,"position":63},"meta":{"name":"『小助手』 腾讯微云","uuid":"22a3e334-ce92-4017-943c-f46e83f0e27d","modified":1577194489741,"file_url":"https://greasyfork.org/scripts/387890-%E5%B0%8F%E5%8A%A9%E6%89%8B-%E8%85%BE%E8%AE%AF%E5%BE%AE%E4%BA%91/code/%E3%80%8E%E5%B0%8F%E5%8A%A9%E6%89%8B%E3%80%8F%20%E8%85%BE%E8%AE%AF%E5%BE%AE%E4%BA%91.user.js"}}