{"options":{"check_for_updates":true,"comment":null,"compatopts_for_requires":true,"compat_wrappedjsobject":false,"compat_metadata":false,"compat_foreach":false,"compat_arrayleft":false,"compat_uW_gmonkey":false,"compat_forvarin":false,"noframes":null,"awareOfChrome":false,"run_at":null,"override":{"use_includes":[],"orig_includes":["*://*.cr173.com/*","*://*.onlinedown.*/*","*://*.xiazaiba.*/*","*://*.mydown.*/*","*://*.pc6.*/*","*://xiazai.zol.com.cn/*","*://dl.pconline.com.cn/*","*://*.cncrk.com/*","*://pc.qq.com/*","*://*.crsky.com/*","*://*.duote.com/*","*://*.ddooo.com/*","*://*.xpgod.com/*"],"merge_includes":true,"use_matches":[],"orig_matches":[],"merge_matches":true,"use_excludes":[],"orig_excludes":[],"merge_excludes":true,"use_connects":[],"merge_connects":true,"use_blockers":[],"orig_run_at":"document-start","orig_noframes":null}},"settings":{"enabled":true,"position":59},"meta":{"name":"『净网卫士』 下载网站","uuid":"60ea4875-a5f0-47e0-be52-7f77bce4c61a","modified":1577194489737,"file_url":"https://greasyfork.org/scripts/386443-%E5%87%80%E7%BD%91%E5%8D%AB%E5%A3%AB-%E4%B8%8B%E8%BD%BD%E7%BD%91%E7%AB%99/code/%E3%80%8E%E5%87%80%E7%BD%91%E5%8D%AB%E5%A3%AB%E3%80%8F%20%E4%B8%8B%E8%BD%BD%E7%BD%91%E7%AB%99.user.js"}}