{"options":{"check_for_updates":true,"comment":null,"compatopts_for_requires":true,"compat_wrappedjsobject":false,"compat_metadata":false,"compat_foreach":false,"compat_arrayleft":false,"compat_uW_gmonkey":false,"compat_forvarin":false,"noframes":null,"awareOfChrome":false,"run_at":null,"override":{"use_includes":[],"orig_includes":["*://fanyi.baidu.com/*","*://www.iciba.com/*","*://translate.google.cn/*","*://fanyi.youdao.com/*","*://cn.bing.com/translator/*","*://fanyi.sogou.com/*"],"merge_includes":true,"use_matches":[],"orig_matches":[],"merge_matches":true,"use_excludes":[],"orig_excludes":[],"merge_excludes":true,"use_connects":[],"merge_connects":true,"use_blockers":[],"orig_run_at":"document-start","orig_noframes":null}},"settings":{"enabled":true,"position":64},"meta":{"name":"『净网卫士』 在线翻译","uuid":"391e57c7-3cd4-4d2d-96a0-e563af727004","modified":1576370875667}}