{"options":{"check_for_updates":true,"comment":null,"compatopts_for_requires":true,"compat_wrappedjsobject":false,"compat_metadata":false,"compat_foreach":false,"compat_arrayleft":false,"compat_uW_gmonkey":false,"compat_forvarin":false,"noframes":null,"awareOfChrome":false,"run_at":null,"override":{"use_includes":[],"orig_includes":["*://okzy.co/*","*://www.zuidazy*.*/*","*://www.subo988.com/*","*://www.zuixinzy.cc/*","*://www.209zy.com/*","*://135zy0.com/*","*://www.kankanzy.com/*","*://www.mahuazy.com/*","*://www.baiwanzy.com/*"],"merge_includes":true,"use_matches":[],"orig_matches":[],"merge_matches":true,"use_excludes":[],"orig_excludes":[],"merge_excludes":true,"use_connects":[],"merge_connects":true,"use_blockers":[],"orig_run_at":"document-end","orig_noframes":null,"orig_connects":[]}},"settings":{"enabled":true,"position":64},"meta":{"name":"『小助手』资源助手","uuid":"e698d675-234d-4835-96e3-97eec18a3a0d","modified":1578299852234,"file_url":"https://greasyfork.org/scripts/383642-%E5%B0%8F%E5%8A%A9%E6%89%8B-%E8%B5%84%E6%BA%90%E5%8A%A9%E6%89%8B/code/%E3%80%8E%E5%B0%8F%E5%8A%A9%E6%89%8B%E3%80%8F%E8%B5%84%E6%BA%90%E5%8A%A9%E6%89%8B.user.js"}}