{"options":{"check_for_updates":true,"comment":null,"compatopts_for_requires":true,"compat_wrappedjsobject":false,"compat_metadata":false,"compat_foreach":false,"compat_arrayleft":false,"compat_uW_gmonkey":false,"compat_forvarin":false,"noframes":null,"awareOfChrome":false,"run_at":null,"override":{"use_includes":[],"orig_includes":["http*://bbs.tianya.cn/post-*"],"merge_includes":true,"use_matches":[],"orig_matches":[],"merge_matches":true,"use_excludes":[],"orig_excludes":[],"merge_excludes":true,"use_connects":[],"merge_connects":true,"use_blockers":[],"orig_run_at":"document-idle","orig_noframes":null,"orig_connects":[]}},"settings":{"enabled":true,"position":58},"meta":{"name":"天涯小助手","uuid":"a1d79a0f-b0d8-48cc-9d1c-58e25e211f15","modified":1576983057294,"file_url":"https://greasyfork.org/scripts/383277-%E5%A4%A9%E6%B6%AF%E5%B0%8F%E5%8A%A9%E6%89%8B/code/%E5%A4%A9%E6%B6%AF%E5%B0%8F%E5%8A%A9%E6%89%8B.user.js"}}