{"options":{"check_for_updates":true,"comment":null,"compatopts_for_requires":true,"compat_wrappedjsobject":false,"compat_metadata":false,"compat_foreach":false,"compat_arrayleft":false,"compat_uW_gmonkey":false,"compat_forvarin":false,"noframes":null,"awareOfChrome":false,"run_at":null,"override":{"use_includes":[],"orig_includes":[],"merge_includes":true,"use_matches":[],"orig_matches":["*://*.douyu.com/*","*://*.panda.tv/*","*://*.zhanqi.tv/*","*://cc.163.com/*","*://*.huomao.com/*","*://live.qq.com/*"],"merge_matches":true,"use_excludes":[],"orig_excludes":[],"merge_excludes":true,"use_connects":[],"merge_connects":true,"use_blockers":[],"orig_run_at":"document-idle","orig_noframes":null}},"settings":{"enabled":true,"position":40},"meta":{"name":"屏蔽直播礼物特效","uuid":"76cd374b-49b1-4a31-bb72-a7858474ee98","modified":1577194489705,"file_url":"https://greasyfork.org/scripts/15123-%E5%B1%8F%E8%94%BD%E7%9B%B4%E6%92%AD%E7%A4%BC%E7%89%A9%E7%89%B9%E6%95%88/code/%E5%B1%8F%E8%94%BD%E7%9B%B4%E6%92%AD%E7%A4%BC%E7%89%A9%E7%89%B9%E6%95%88.user.js"}}