{"options":{"check_for_updates":true,"comment":null,"compatopts_for_requires":true,"compat_wrappedjsobject":false,"compat_metadata":false,"compat_foreach":false,"compat_arrayleft":false,"compat_uW_gmonkey":false,"compat_forvarin":false,"noframes":null,"awareOfChrome":false,"run_at":null,"override":{"use_includes":[],"orig_includes":[],"merge_includes":true,"use_matches":[],"orig_matches":["*://kyfw.12306.cn/*","*://login.taobao.com/*","*://passport.jd.com/*","*://*.baidu.com/*","*://*.douban.com/*","*://passport.suning.com/*","*://*.zhihu.com/*","*://*.alipay.com/*","*://account.aliyun.com/*","*://*.qq.com/*","*://*.weiyun.com/*","*://exmail.qq.com/*","*://*.cloud.tencent.com/*","*://*.qcloud.com/*","*://mail.163.com/*","*://mail.126.com/*","*://www.iqiyi.com/*","*://www.acfun.cn/*","*://*.xiami.com/*","*://*.huya.com/*","*://passport.58.com/*","*://*.115.com/*","*://*.tianya.cn/*","*://*.tyrz.gd.gov.cn/*","*://*.baixing.com/*","*://*.sl56.com/*"],"merge_matches":true,"use_excludes":[],"orig_excludes":[],"merge_excludes":true,"use_connects":[],"merge_connects":true,"use_blockers":[],"orig_run_at":"document-end","orig_noframes":null,"orig_connects":[]}},"settings":{"enabled":true,"position":52},"meta":{"name":"拒绝二维码登录","uuid":"c6d0a6de-1040-4354-97a8-b4dd4f37d21f","modified":1578052190316,"file_url":"https://greasyfork.org/scripts/37988-%E6%8B%92%E7%BB%9D%E4%BA%8C%E7%BB%B4%E7%A0%81%E7%99%BB%E5%BD%95/code/%E6%8B%92%E7%BB%9D%E4%BA%8C%E7%BB%B4%E7%A0%81%E7%99%BB%E5%BD%95.user.js"}}