{"data":{"NoQRCodeLoginData":"o[{\"name\":\"12306\",\"url\":\"kyfw.12306.cn\",\"enabled\":true},{\"name\":\"淘宝\",\"url\":\"login.taobao.com\",\"enabled\":true},{\"name\":\"京东\",\"url\":\"passport.jd.com\",\"enabled\":true},{\"name\":\"百度\",\"url\":\"baidu.com\",\"enabled\":true},{\"name\":\"豆瓣\",\"url\":\"douban.com\",\"enabled\":true},{\"name\":\"苏宁易购\",\"url\":\"passport.suning.com\",\"enabled\":true},{\"name\":\"知乎\",\"url\":\"zhihu.com\",\"enabled\":true},{\"name\":\"支付宝\",\"url\":\"alipay.com\",\"enabled\":true},{\"name\":\"阿里云\",\"url\":\"account.aliyun.com\",\"enabled\":true},{\"name\":\"腾讯QQ\",\"url\":[\"xui.ptlogin2.qq.com\",\"ssl.xui.ptlogin2.qq.com\",\"ui.ptlogin2.qq.com\"],\"enabled\":true},{\"name\":\"网易邮箱\",\"url\":[\"mail.163.com\",\"mail.126.com\"],\"enabled\":true},{\"name\":\"微云\",\"url\":\"weiyun.com\",\"enabled\":true},{\"name\":\"腾讯云\",\"url\":[\"cloud.tencent.com\",\"qcloud.com\"],\"enabled\":true},{\"name\":\"腾讯企业邮箱\",\"url\":\"exmail.qq.com\",\"enabled\":true},{\"name\":\"爱奇艺\",\"url\":\"iqiyi.com\",\"enabled\":true},{\"name\":\"AcFun\",\"url\":\"www.acfun.cn\",\"enabled\":true},{\"name\":\"虾米音乐\",\"url\":\"xiami.com\",\"enabled\":true},{\"name\":\"虎牙直播\",\"url\":\"huya.com\",\"enabled\":true},{\"name\":\"58同城\",\"url\":\"passport.58.com\",\"enabled\":true},{\"name\":\"115云\",\"url\":\"115.com\",\"enabled\":true},{\"name\":\"天涯社区\",\"url\":\"tianya.cn\",\"enabled\":true},{\"name\":\"广东省统一身份认证平台\",\"url\":\"tyrz.gd.gov.cn\",\"enabled\":true},{\"name\":\"百姓网\",\"url\":\"baixing.com\",\"enabled\":true},{\"name\":\"升蓝物流\",\"url\":\"sl56.com\",\"enabled\":true}]"},"ts":1577194491592}