{"options":{"check_for_updates":true,"comment":null,"compatopts_for_requires":true,"compat_wrappedjsobject":false,"compat_metadata":false,"compat_foreach":false,"compat_arrayleft":false,"compat_uW_gmonkey":false,"compat_forvarin":false,"noframes":null,"awareOfChrome":false,"run_at":null,"override":{"use_includes":[],"orig_includes":[],"merge_includes":true,"use_matches":[],"orig_matches":["*://www.douyu.com/*"],"merge_matches":true,"use_excludes":[],"orig_excludes":[],"merge_excludes":true,"use_connects":[],"merge_connects":true,"use_blockers":[],"orig_run_at":"document-idle","orig_noframes":null}},"settings":{"enabled":true,"position":43},"meta":{"name":"斗鱼免登陆","uuid":"227804a5-0edf-44b8-a0f0-6843d2cc968b","modified":1577194489709,"file_url":"https://greasyfork.org/scripts/388373-%E6%96%97%E9%B1%BC%E5%85%8D%E7%99%BB%E9%99%86/code/%E6%96%97%E9%B1%BC%E5%85%8D%E7%99%BB%E9%99%86.user.js"}}