{"options":{"check_for_updates":true,"comment":null,"compatopts_for_requires":true,"compat_wrappedjsobject":false,"compat_metadata":false,"compat_foreach":false,"compat_arrayleft":false,"compat_uW_gmonkey":false,"compat_forvarin":false,"noframes":null,"awareOfChrome":false,"run_at":null,"override":{"use_includes":[],"orig_includes":[],"merge_includes":true,"use_matches":[],"orig_matches":["*://*.douyu.com/*"],"merge_matches":true,"use_excludes":[],"orig_excludes":[],"merge_excludes":true,"use_connects":[],"merge_connects":true,"use_blockers":[],"orig_run_at":"document-idle","orig_noframes":null,"orig_connects":[]}},"settings":{"enabled":true,"position":44},"meta":{"name":"斗鱼精简","uuid":"1e6461b3-af9a-40c7-ad77-8bf802cc9726","modified":1577071140895,"file_url":"https://greasyfork.org/scripts/386642-%E6%96%97%E9%B1%BC%E7%B2%BE%E7%AE%80/code/%E6%96%97%E9%B1%BC%E7%B2%BE%E7%AE%80.user.js"}}