{"options":{"check_for_updates":true,"comment":null,"compatopts_for_requires":true,"compat_wrappedjsobject":false,"compat_metadata":false,"compat_foreach":false,"compat_arrayleft":false,"compat_uW_gmonkey":false,"compat_forvarin":false,"noframes":null,"awareOfChrome":false,"run_at":null,"override":{"use_includes":[],"orig_includes":[],"merge_includes":true,"use_matches":[],"orig_matches":["*://pan.baidu.com/*","*://yun.baidu.com/*","*://wangpan.baidu.com/*","*://duanxin.baidu.com/*","*://note.baidu.com/*","*://tonghuajilu.baidu.com/*","*://tongxunlu.baidu.com/*","*://wenzhang.baidu.com/*","*://zhaohui.baidu.com/*"],"merge_matches":true,"use_excludes":[],"orig_excludes":[],"merge_excludes":true,"use_connects":[],"merge_connects":true,"use_blockers":[],"orig_run_at":"document-idle","orig_noframes":null,"orig_connects":[]}},"settings":{"enabled":true,"position":21},"meta":{"name":"百度网盘资源_搜索引擎_聚合","uuid":"00edc46b-c23a-4d3f-9610-b4cb2156ad76","modified":1576983057195,"file_url":"https://greasyfork.org/scripts/375337-%E7%99%BE%E5%BA%A6%E7%BD%91%E7%9B%98%E8%B5%84%E6%BA%90-%E6%90%9C%E7%B4%A2%E5%BC%95%E6%93%8E-%E8%81%9A%E5%90%88/code/%E7%99%BE%E5%BA%A6%E7%BD%91%E7%9B%98%E8%B5%84%E6%BA%90_%E6%90%9C%E7%B4%A2%E5%BC%95%E6%93%8E_%E8%81%9A%E5%90%88.user.js"}}