{"options":{"check_for_updates":true,"comment":null,"compatopts_for_requires":true,"compat_wrappedjsobject":false,"compat_metadata":false,"compat_foreach":false,"compat_arrayleft":false,"compat_uW_gmonkey":false,"compat_forvarin":false,"noframes":null,"awareOfChrome":false,"run_at":null,"override":{"use_includes":[],"orig_includes":[],"merge_includes":true,"use_matches":[],"orig_matches":["http*://baike.baidu.com/picture/*","http*://baike.baidu.com/historypic/*","http*://baike.baidu.com/pic/*","http*://baike.baidu.com/picview/history/*"],"merge_matches":true,"use_excludes":[],"orig_excludes":[],"merge_excludes":true,"use_connects":[],"merge_connects":true,"use_blockers":[],"orig_run_at":"document-end","orig_noframes":null,"orig_connects":[]}},"settings":{"enabled":true,"position":24},"meta":{"name":"百度百科 无水印图片查看","uuid":"f26c2ee7-e5e9-4787-b38c-877dc863cabe","modified":1576983057204,"file_url":"https://greasyfork.org/scripts/16607-%E7%99%BE%E5%BA%A6%E7%99%BE%E7%A7%91-%E6%97%A0%E6%B0%B4%E5%8D%B0%E5%9B%BE%E7%89%87%E6%9F%A5%E7%9C%8B/code/%E7%99%BE%E5%BA%A6%E7%99%BE%E7%A7%91%20%E6%97%A0%E6%B0%B4%E5%8D%B0%E5%9B%BE%E7%89%87%E6%9F%A5%E7%9C%8B.user.js"}}