{"options":{"check_for_updates":true,"comment":null,"compatopts_for_requires":true,"compat_wrappedjsobject":false,"compat_metadata":false,"compat_foreach":false,"compat_arrayleft":false,"compat_uW_gmonkey":false,"compat_forvarin":false,"noframes":null,"awareOfChrome":false,"run_at":null,"override":{"use_includes":[],"orig_includes":[],"merge_includes":true,"use_matches":[],"orig_matches":["https://www.135editor.com/*","http://www.zhubian.com/*","http://bj.96weixin.com"],"merge_matches":true,"use_excludes":[],"orig_excludes":[],"merge_excludes":true,"use_connects":[],"merge_connects":true,"use_blockers":[],"orig_run_at":"document-idle","orig_noframes":null}},"settings":{"enabled":true,"position":66},"meta":{"name":"破解微信编辑器会员限制","uuid":"adf46314-4d72-4a73-95f6-99652d6f425a","modified":1577194489745,"file_url":"https://greasyfork.org/scripts/392046-%E7%A0%B4%E8%A7%A3%E5%BE%AE%E4%BF%A1%E7%BC%96%E8%BE%91%E5%99%A8%E4%BC%9A%E5%91%98%E9%99%90%E5%88%B6/code/%E7%A0%B4%E8%A7%A3%E5%BE%AE%E4%BF%A1%E7%BC%96%E8%BE%91%E5%99%A8%E4%BC%9A%E5%91%98%E9%99%90%E5%88%B6.user.js"}}