{"options":{"check_for_updates":true,"comment":null,"compatopts_for_requires":true,"compat_wrappedjsobject":false,"compat_metadata":false,"compat_foreach":false,"compat_arrayleft":false,"compat_uW_gmonkey":false,"compat_forvarin":false,"noframes":null,"awareOfChrome":false,"run_at":null,"override":{"use_includes":[],"orig_includes":[],"merge_includes":true,"use_matches":[],"orig_matches":["http*://mail.163.com/js6/main.jsp*","http*://mail.126.com/js6/main.jsp*","http*://mail.yeah.net/js6/main.jsp*"],"merge_matches":true,"use_excludes":[],"orig_excludes":[],"merge_excludes":true,"use_connects":[],"merge_connects":true,"use_blockers":[],"orig_run_at":"document-idle","orig_noframes":null,"orig_connects":[]}},"settings":{"enabled":true,"position":68},"meta":{"name":"网易邮箱净化-标签页","uuid":"ef213e73-0554-4202-aac9-c739e65fcb8c","modified":1576983057303,"file_url":"https://greasyfork.org/scripts/390895-%E7%BD%91%E6%98%93%E9%82%AE%E7%AE%B1%E5%87%80%E5%8C%96-%E6%A0%87%E7%AD%BE%E9%A1%B5/code/%E7%BD%91%E6%98%93%E9%82%AE%E7%AE%B1%E5%87%80%E5%8C%96-%E6%A0%87%E7%AD%BE%E9%A1%B5.user.js"}}