{"options":{"check_for_updates":true,"comment":null,"compatopts_for_requires":true,"compat_wrappedjsobject":false,"compat_metadata":false,"compat_foreach":false,"compat_arrayleft":false,"compat_uW_gmonkey":false,"compat_forvarin":false,"noframes":null,"awareOfChrome":false,"run_at":null,"override":{"use_includes":[],"orig_includes":[],"merge_includes":true,"use_matches":[],"orig_matches":["http*://mail.163.com/js6/main.jsp*","http*://mail.126.com/js6/main.jsp*","http*://mail.yeah.net/js6/main.jsp*"],"merge_matches":true,"use_excludes":[],"orig_excludes":[],"merge_excludes":true,"use_connects":[],"merge_connects":true,"use_blockers":[],"orig_run_at":"document-idle","orig_noframes":null,"orig_connects":[]}},"settings":{"enabled":true,"position":69},"meta":{"name":"网易邮箱净化-首页","uuid":"11177a2c-3e72-41e1-8a76-469ecf09e65f","modified":1576983057304,"file_url":"https://greasyfork.org/scripts/390894-%E7%BD%91%E6%98%93%E9%82%AE%E7%AE%B1%E5%87%80%E5%8C%96-%E9%A6%96%E9%A1%B5/code/%E7%BD%91%E6%98%93%E9%82%AE%E7%AE%B1%E5%87%80%E5%8C%96-%E9%A6%96%E9%A1%B5.user.js"}}