{"options":{"check_for_updates":true,"comment":null,"compatopts_for_requires":true,"compat_wrappedjsobject":false,"compat_metadata":false,"compat_foreach":false,"compat_arrayleft":false,"compat_uW_gmonkey":false,"compat_forvarin":false,"noframes":null,"awareOfChrome":false,"run_at":null,"override":{"use_includes":[],"orig_includes":[],"merge_includes":true,"use_matches":[],"orig_matches":["*://pan.baidu.com/*","*://yun.baidu.com/*","*://share.weiyun.com/*","*://*.lanzous.com/*","*://*.newday.me/*"],"merge_matches":true,"use_excludes":[],"orig_excludes":[],"merge_excludes":true,"use_connects":[],"merge_connects":true,"use_blockers":[],"orig_run_at":"document-start","orig_noframes":null,"orig_connects":["api.newday.me","ypsuperkey.meek.com.cn"]}},"settings":{"enabled":true,"position":18},"meta":{"name":"网盘助手","uuid":"6a394067-8622-4937-a87f-f785f1555b3b","modified":1577094996153,"file_url":"https://greasyfork.org/scripts/378301-%E7%BD%91%E7%9B%98%E5%8A%A9%E6%89%8B/code/%E7%BD%91%E7%9B%98%E5%8A%A9%E6%89%8B.user.js"}}