{"options":{"check_for_updates":true,"comment":null,"compatopts_for_requires":true,"compat_wrappedjsobject":false,"compat_metadata":false,"compat_foreach":false,"compat_arrayleft":false,"compat_uW_gmonkey":false,"compat_forvarin":false,"noframes":null,"awareOfChrome":false,"run_at":null,"override":{"use_includes":[],"orig_includes":["http*://u2.dmhy.org/*","http*://www.tsdm.*/*","http*://totheglory.im/*","http*://www.52pojie.cn/*","http*://bbs.kafan.cn/*","http*://www.cordcloud.*/*","http*://www.zodgame.us/*"],"merge_includes":true,"use_matches":[],"orig_matches":[],"merge_matches":true,"use_excludes":[],"orig_excludes":[],"merge_excludes":true,"use_connects":[],"merge_connects":true,"use_blockers":[],"orig_run_at":"document-end","orig_noframes":null}},"settings":{"enabled":true,"position":54},"meta":{"name":"自用论坛辅助签到","uuid":"94e7818b-b8fa-4ca8-b36b-3864718e4b3d","modified":1577194489726,"file_url":"https://greasyfork.org/scripts/38018-%E8%87%AA%E7%94%A8%E8%AE%BA%E5%9D%9B%E8%BE%85%E5%8A%A9%E7%AD%BE%E5%88%B0/code/%E8%87%AA%E7%94%A8%E8%AE%BA%E5%9D%9B%E8%BE%85%E5%8A%A9%E7%AD%BE%E5%88%B0.user.js"}}