{"options":{"check_for_updates":true,"comment":null,"compatopts_for_requires":true,"compat_wrappedjsobject":false,"compat_metadata":false,"compat_foreach":false,"compat_arrayleft":false,"compat_uW_gmonkey":false,"compat_forvarin":false,"noframes":null,"awareOfChrome":false,"run_at":null,"override":{"use_includes":["http*://cc.vttg.pw/*"],"orig_includes":["http://cl.dzcl.pw/*","https://cl.dzcl.pw/*","http://*.cl.dzcl.pw/*","https://*.cl.dzcl.pw/*","http://woyao.cl/*","https://woyao.cl/*","http://*.woyao.cl/*","https://*.woyao.cl/*","http://cl.nea.cl/*","https://cl.nea.cl/*","http://*.cl.nea.cl/*","https://*.cl.nea.cl/*","http://cl.patf.com/*","https://cl.patf.com/*","http://*.cl.patf.com/*","https://*.cl.patf.com/*","http://cl.arlew.com/*","https://cl.arlew.com/*","http://*.cl.arlew.com/*","https://*.cl.arlew.com/*","http://t66y.com/*","https://t66y.com/*","http://*.t66y.com/*","https://*.t66y.com/*","http://184.154.128.243/*","https://184.154.128.243/*","http://*.184.154.128.243/*","https://*.184.154.128.243/*","http://cl.s1.lv/*","https://cl.s1.lv/*","http://*.cl.s1.lv/*","https://*.cl.s1.lv/*","http://wo.yao.cl/*","https://wo.yao.cl/*","http://*.wo.yao.cl/*","https://*.wo.yao.cl/*","http://c1521.biz.tm/*","https://c1521.biz.tm/*","http://*.c1521.biz.tm/*","https://*.c1521.biz.tm/*","http://cl.cyline.org/*","https://cl.cyline.org/*","http://*.cl.cyline.org/*","https://*.cl.cyline.org/*","http://chenli1027.gicp.net/*","https://chenli1027.gicp.net/*","http://*.chenli1027.gicp.net/*","https://*.chenli1027.gicp.net/*"],"merge_includes":true,"use_matches":[],"orig_matches":[],"merge_matches":true,"use_excludes":[],"orig_excludes":[],"merge_excludes":true,"use_connects":[],"merge_connects":true,"use_blockers":[],"orig_run_at":"document-start","orig_noframes":null}},"settings":{"enabled":true,"position":71},"meta":{"name":"草榴管理员死全家，谢谢！","uuid":"fd895860-b40d-4f57-8a37-b71cc6eda166","modified":1576983057307,"file_url":"https://greasyfork.org/scripts/386405-%E8%8D%89%E6%A6%B4%E7%AE%A1%E7%90%86%E5%91%98%E6%AD%BB%E5%85%A8%E5%AE%B6-%E8%B0%A2%E8%B0%A2/code/%E8%8D%89%E6%A6%B4%E7%AE%A1%E7%90%86%E5%91%98%E6%AD%BB%E5%85%A8%E5%AE%B6%EF%BC%8C%E8%B0%A2%E8%B0%A2%EF%BC%81.user.js"}}