{"options":{"check_for_updates":true,"comment":null,"compatopts_for_requires":true,"compat_wrappedjsobject":false,"compat_metadata":false,"compat_foreach":false,"compat_arrayleft":false,"compat_uW_gmonkey":false,"compat_forvarin":false,"noframes":null,"awareOfChrome":false,"run_at":null,"override":{"use_includes":[],"orig_includes":[],"merge_includes":true,"use_matches":[],"orig_matches":["*://www.huya.com/*"],"merge_matches":true,"use_excludes":[],"orig_excludes":[],"merge_excludes":true,"use_connects":[],"merge_connects":true,"use_blockers":[],"orig_run_at":"document-idle","orig_noframes":null,"orig_connects":[]}},"settings":{"enabled":true,"position":45},"meta":{"name":"虎牙免登陆（修复版）","uuid":"cd992f01-ee16-4dc2-a43c-68e2dada2d49","modified":1577094083906,"file_url":"https://greasyfork.org/scripts/385220-%E8%99%8E%E7%89%99%E5%85%8D%E7%99%BB%E9%99%86-%E4%BF%AE%E5%A4%8D%E7%89%88/code/%E8%99%8E%E7%89%99%E5%85%8D%E7%99%BB%E9%99%86%EF%BC%88%E4%BF%AE%E5%A4%8D%E7%89%88%EF%BC%89.user.js"}}