{"options":{"check_for_updates":true,"comment":null,"compatopts_for_requires":true,"compat_wrappedjsobject":false,"compat_metadata":false,"compat_foreach":false,"compat_arrayleft":false,"compat_uW_gmonkey":false,"compat_forvarin":false,"noframes":null,"awareOfChrome":false,"run_at":null,"override":{"use_includes":[],"orig_includes":[],"merge_includes":true,"use_matches":[],"orig_matches":["*://*.huya.com/*"],"merge_matches":true,"use_excludes":[],"orig_excludes":[],"merge_excludes":true,"use_connects":[],"merge_connects":true,"use_blockers":[],"orig_run_at":"document-idle","orig_noframes":null,"orig_connects":[]}},"settings":{"enabled":true,"position":46},"meta":{"name":"虎牙精简","uuid":"72d7e939-1fdc-445c-a273-e76f3f187d13","modified":1577071241749,"file_url":"https://greasyfork.org/scripts/386569-%E8%99%8E%E7%89%99%E7%B2%BE%E7%AE%80/code/%E8%99%8E%E7%89%99%E7%B2%BE%E7%AE%80.user.js"}}