{"options":{"check_for_updates":true,"comment":null,"compatopts_for_requires":true,"compat_wrappedjsobject":false,"compat_metadata":false,"compat_foreach":false,"compat_arrayleft":false,"compat_uW_gmonkey":false,"compat_forvarin":false,"noframes":null,"awareOfChrome":false,"run_at":null,"override":{"use_includes":[],"orig_includes":["https://*.qq.com/*","https://www.weiyun.com/video_*","https://www.youku.com/","https://v.youku.com/v_show/id_*","https://vku.youku.com/live/*","https://video.tudou.com/v/*","https://www.bilibili.com/*","https://www.acfun.cn/*","http://v.pptv.com/show/*","https://tv.sohu.com/v/*","https://film.sohu.com/album/*","https://www.mgtv.com/*","*://www.fun.tv/vplay/*","*://m.fun.tv/*","*://*.mtime.com/*","*://www.miaopai.com/*","*://*.163.com/*","*://*.icourse163.org/*","*://*.sina.com.cn/*","*://video.sina.cn/*","*://weibo.com/*","*://*.weibo.com/*","https://pan.baidu.com/*","https://yun.baidu.com/*","*://v.yinyuetai.com/video/h5/*","*://v.yinyuetai.com/playlist/h5/*","*://www.365yg.com/*","*://v.ifeng.com/*","https://www.youtube.com/watch?v=*","https://www.ted.com/talks/*","*://www.yy.com/*","*://v.huya.com/play/*","https://www.huya.com/*","https://v.douyu.com/*","https://www.douyu.com/*","*://star.longzhu.com/*","https://www.zhanqi.tv/*","https://www.yunbtv.com/vodplay/*","http://www.dililitv.com/vplay/*","http://www.dililitv.com/gresource/*?Play=*","http://www.vtuapp.com/tv-play-*","https://www.66s.cc/*/play/*"],"merge_includes":true,"use_matches":[],"orig_matches":[],"merge_matches":true,"use_excludes":[],"orig_excludes":["https://user.qzone.qq.com/*"],"merge_excludes":true,"use_connects":[],"merge_connects":true,"use_blockers":[],"orig_run_at":"document-start","orig_noframes":true}},"settings":{"enabled":true,"position":37},"meta":{"name":"视频网HTML5播放小工具","uuid":"18214308-5f56-445a-9c63-581c29914620","modified":1576983057247}}