{"options":{"check_for_updates":true,"comment":null,"compatopts_for_requires":true,"compat_wrappedjsobject":false,"compat_metadata":false,"compat_foreach":false,"compat_arrayleft":false,"compat_uW_gmonkey":false,"compat_forvarin":false,"noframes":null,"awareOfChrome":false,"run_at":null,"override":{"use_includes":[],"orig_includes":["*://*91p*n.com/*","https://www.vlogdownloader.com/*","https://www.dmd.dog/*"],"merge_includes":true,"use_matches":[],"orig_matches":[],"merge_matches":true,"use_excludes":[],"orig_excludes":[],"merge_excludes":true,"use_connects":[],"merge_connects":true,"use_blockers":[],"orig_run_at":"document-idle","orig_noframes":null}},"settings":{"enabled":true,"position":70},"meta":{"name":"解析91","uuid":"97d0e3b1-f262-4256-9c74-94cd2d9fb696","modified":1577194489748,"file_url":"https://greasyfork.org/scripts/378608-%E8%A7%A3%E6%9E%9091/code/%E8%A7%A3%E6%9E%9091.user.js"}}