{"options":{"check_for_updates":true,"comment":null,"compatopts_for_requires":true,"compat_wrappedjsobject":false,"compat_metadata":false,"compat_foreach":false,"compat_arrayleft":false,"compat_uW_gmonkey":false,"compat_forvarin":false,"noframes":null,"awareOfChrome":false,"run_at":null,"override":{"use_includes":[],"orig_includes":[],"merge_includes":true,"use_matches":[],"orig_matches":["*/thread*.*","/forum.php?mod==viewthread*","/forum.php?mod=viewthread*","/forum/forum.php?mod=viewthread*","/forum/thread*","/bbs/forum.php?mod=viewthread*","/forum.php?mod=post"],"merge_matches":true,"use_excludes":[],"orig_excludes":[],"merge_excludes":true,"use_connects":[],"merge_connects":true,"use_blockers":[],"orig_run_at":"document-idle","orig_noframes":null}},"settings":{"enabled":true,"position":55},"meta":{"name":"论坛快捷回帖","uuid":"e1bba87b-5f29-417c-acdc-326a94133d8e","modified":1577194489727,"file_url":"https://greasyfork.org/scripts/36728-%E8%AE%BA%E5%9D%9B%E5%BF%AB%E6%8D%B7%E5%9B%9E%E5%B8%96/code/%E8%AE%BA%E5%9D%9B%E5%BF%AB%E6%8D%B7%E5%9B%9E%E5%B8%96.user.js"}}