{"options":{"check_for_updates":true,"comment":null,"compatopts_for_requires":true,"compat_wrappedjsobject":false,"compat_metadata":false,"compat_foreach":false,"compat_arrayleft":false,"compat_uW_gmonkey":false,"compat_forvarin":false,"noframes":null,"awareOfChrome":false,"run_at":null,"override":{"use_includes":[],"orig_includes":[],"merge_includes":true,"use_matches":[],"orig_matches":["*/?m=vod-*","*/detail/*","http://bobo.okokbo.com*"],"merge_matches":true,"use_excludes":[],"orig_excludes":[],"merge_excludes":true,"use_connects":[],"merge_connects":true,"use_blockers":[],"orig_run_at":"document-end","orig_noframes":true}},"settings":{"enabled":true,"position":50},"meta":{"name":"资源网助手","uuid":"b570a3a0-5278-4801-ab8c-0f7caf17b00f","modified":1577194489717,"file_url":"https://greasyfork.org/scripts/33160-%E8%B5%84%E6%BA%90%E7%BD%91%E5%8A%A9%E6%89%8B/code/%E8%B5%84%E6%BA%90%E7%BD%91%E5%8A%A9%E6%89%8B.user.js"}}