{"options":{"check_for_updates":true,"comment":null,"compatopts_for_requires":true,"compat_wrappedjsobject":false,"compat_metadata":false,"compat_foreach":false,"compat_arrayleft":false,"compat_uW_gmonkey":false,"compat_forvarin":false,"noframes":null,"awareOfChrome":false,"run_at":null,"override":{"use_includes":[],"orig_includes":[],"merge_includes":true,"use_matches":[],"orig_matches":["http://www.xiaobi000.com/*","http://www.xiaobi001.com/*","http://www.xiaobi002.com/*","http://www.xiaobi003.com/*","http://www.xiaobi004.com/*","http://www.xiaobi005.com/*","http://www.xiaobi006.com/*","http://www.xiaobi008.com/*","http://www.xiaobi009.com/*","http://www.xiaobi010.com/*","http://www.xiaobi011.com/*"],"merge_matches":true,"use_excludes":[],"orig_excludes":[],"merge_excludes":true,"use_connects":[],"merge_connects":true,"use_blockers":[],"orig_run_at":"document-start","orig_noframes":null}},"settings":{"enabled":true,"position":73},"meta":{"name":"超碰视频去广告，解决VIP限制","uuid":"f9e5f826-22ce-4f19-a249-801f6c9a228e","modified":1576983057309}}