{"options":{"check_for_updates":true,"comment":null,"compatopts_for_requires":true,"compat_wrappedjsobject":false,"compat_metadata":false,"compat_foreach":false,"compat_arrayleft":false,"compat_uW_gmonkey":false,"compat_forvarin":false,"noframes":null,"awareOfChrome":false,"run_at":null,"override":{"use_includes":[],"orig_includes":[],"merge_includes":true,"use_matches":[],"orig_matches":["*://mp.weixin.qq.com/*"],"merge_matches":true,"use_excludes":[],"orig_excludes":[],"merge_excludes":true,"use_connects":[],"merge_connects":true,"use_blockers":[],"orig_run_at":"document-idle","orig_noframes":null}},"settings":{"enabled":true,"position":67},"meta":{"name":"转换微信公众号图片到兼容格式","uuid":"1fd6cb74-b4c4-4361-83e3-3558c848a8d8","modified":1577194489745,"file_url":"https://greasyfork.org/scripts/390883-%E8%BD%AC%E6%8D%A2%E5%BE%AE%E4%BF%A1%E5%85%AC%E4%BC%97%E5%8F%B7%E5%9B%BE%E7%89%87%E5%88%B0%E5%85%BC%E5%AE%B9%E6%A0%BC%E5%BC%8F/code/%E8%BD%AC%E6%8D%A2%E5%BE%AE%E4%BF%A1%E5%85%AC%E4%BC%97%E5%8F%B7%E5%9B%BE%E7%89%87%E5%88%B0%E5%85%BC%E5%AE%B9%E6%A0%BC%E5%BC%8F.user.js"}}